id,nickname,title,body,rating,version,country,date
as_100001,lucia842,Ordered thai from Poke,Ordered thai from Poke Bros for movie night and it arrived in 26 minutes. Driver was lovely.,5,4.0.3,GB,2026-06-15T08:38:23Z
as_100002,louis60,How do I,Is there a family account option?,4,4.0.3,FR,2026-06-15T08:43:41Z
as_100003,amelia_c31,Ordered thai for the,Ordered thai for the whole family on Friday. Would recommend.,5,4.0.4,US,2026-06-15T10:12:22Z
as_100003,amelia_c31,Ordered thai for the,Ordered thai for the whole family on Friday. Would recommend.,5,4.0.4,US,2026-06-15T10:12:22Z
as_100004,adam_g89,Excellent,Found Nonna's on here and it's now our regular. Zero complaints.,4,4.0.4,IE,2026-06-15T14:38:19Z
as_100005,kenji_990,Found Mama Rosa on,Found Mama Rosa on here and it's now our regular. 10/10.,4,4.0.3,GB,2026-06-15T15:04:36Z
as_100006,emma1996,Never fails,36 orders in and not a single problem. Great selection round here.,5,4.0.4,FR,2026-06-16T05:24:15Z
as_100007,pierre_s69,So easy,"Found Poke Bros on here and it's now our regular. Simple, fast, reliable Please look into it.",5,4.0.3,GB,2026-06-16T05:39:14Z
as_100008,yasmin2003,Found Golden Dragon on,Found Golden Dragon on here and it's now our regular. Food was hot. Perfect.,5,4.0.4,US,2026-06-16T06:56:13Z
as_100008,yasmin2003,Found Golden Dragon on,Found Golden Dragon on here and it's now our regular. Food was hot. Perfect.,5,4.0.4,US,2026-06-16T06:56:13Z
as_100009,finn_n26,Easy to use even,"Easy to use even for my mum, which says a lot 😤",5,4.0.4,US,2026-06-16T07:54:28Z
as_100010,kai.n,Excellent,The promo codes are generous and actually work for me.,5,4.0.4,US,2026-06-16T08:09:48Z
as_100011,nina_393,Never fails,Amazing. Thank you.,5,4.0.4,DE,2026-06-16T08:35:58Z
as_100012,kai.n,Great app,Friday night fried chicken sorted in about 20 minutes. Would recommend.,4,4.0.3,IE,2026-06-16T10:27:45Z
as_100013,tom415,Love it,Right. The scheduled delivery feature is brilliant for office lunches !!,4,4.0.4,IN,2026-06-16T11:51:15Z
as_100014,aaron2002,Perfect,"So, Best food delivery app I've used. Fast, easy, and the tracking is great Thanks.",5,4.0.3,GB,2026-06-16T12:16:45Z
as_100015,omar.g,"So, yum","So, yum",5,4.0.3,IN,2026-06-16T17:06:52Z
as_100016,finn_809,Great selection of local,Great selection of local restaurants. Five stars.,5,4.0.4,FR,2026-06-16T19:06:51Z
as_100017,nina2000,!!!,Follow me on insta for food pics @eatswithjay,5,4.0.4,US,2026-06-16T21:50:58Z
as_100017,nina2000,!!!,Follow me on insta for food pics @eatswithjay,5,4.0.4,US,2026-06-16T21:50:58Z
as_100018,adam267,Never fails,"Quick vegan bowls at lunch, arrived early. Brilliant.",5,4.0.3,CA,2026-06-16T23:35:08Z
as_100019,camille.r,Perfect,Ordered pho from Mama Rosa for the match and it arrived in 23 minutes. Great selection round here Please look into it.,4,4.0.4,DE,2026-06-17T05:32:36Z
as_100020,amelia2001,So easy,Better than the big apps for my area. Way more choice.,4,4.0.4,DE,2026-06-17T06:22:33Z
as_100021,mateo_l72,Info,How do I report a missing item?,5,4.0.4,FR,2026-06-17T08:22:24Z
as_100022,grace1991,Great app,The favourites feature is handy. Great app.,5,4.0.4,GB,2026-06-17T10:30:08Z
as_100022,grace1991,Great app,The favourites feature is handy. Great app.,5,4.0.4,GB,2026-06-17T10:30:08Z
as_100023,mia.t,Perfect,"Quick pizza after work, arrived early. Would recommend.",5,4.0.4,ES,2026-06-17T12:49:00Z
as_100024,adam1985,cheaper than the other,cheaper than the other apps and better restaurants.,5,4.0.4,US,2026-06-17T15:09:26Z
as_100025,sofia_o51,Top tier app,Top tier app,5,4.0.3,DE,2026-06-17T15:12:41Z
as_100026,diegox225,Top app,Perfect every time.,4,4.0.3,DE,2026-06-17T18:39:07Z
as_100027,nadia1984,Superb,The Pie Shop through this app at lunch. 32 minutes door to door. Brilliant.,4,4.0.3,FR,2026-06-18T05:40:03Z
as_100028,leox251,Never fails,Ugh. delivery drivers are always friendly. Great app.,4,4.0.3,IN,2026-06-18T05:51:13Z
as_100029,rubyx235,Cold food,"So, Second time my order has gone to the wrong address. Won't be ordering again.",2,4.0.3,GB,2026-06-18T11:18:24Z
as_100030,omar365,Love it,Ordered fried chicken for the whole family for the match. Love it Love the app otherwise.,4,4.0.4,IE,2026-06-18T14:11:45Z
as_100031,adam_v92,Amazing. Thank you 😤,Amazing. Thank you 😤,5,4.0.4,ES,2026-06-18T19:35:57Z
as_100032,oliver_n83,Deal,WIN A FREE MEAL every day at papa-eats-prizes dot com,1,4.0.4,GB,2026-06-18T22:38:27Z
as_100033,anna2005,Best delivery app,Green Bowl through this app yesterday. 18 minutes door to door. Cheaper than the others too !!,4,4.0.4,AU,2026-06-18T23:03:03Z
as_100034,freya1982,curry Leaf through this,curry Leaf through this app on Sunday. 38 minutes door to door. Reordering is two taps.,5,4.0.3,ES,2026-06-18T23:48:17Z
as_100034,freya1982,curry Leaf through this,curry Leaf through this app on Sunday. 38 minutes door to door. Reordering is two taps.,5,4.0.3,ES,2026-06-18T23:48:17Z
as_100035,luke_789,Random,Alright. Some restaurants are overpriced on here Thx,3,4.0.4,IE,2026-06-19T01:57:52Z
as_100036,hannah_w52,Ok,Fine for what it is.,3,4.0.3,US,2026-06-19T04:49:08Z
as_100037,maya.v,Ordered tacos for the,Ordered tacos for the whole family at lunch. Cheaper than the others too.,5,4.0.3,US,2026-06-19T05:13:30Z
as_100038,emma.m,Best delivery app,Been using PapaEats for 13 months now. The scheduled delivery thing is genius for the office Sort it please.,5,4.0.3,FR,2026-06-19T08:00:57Z
as_100039,nadia2002,Right. been using PapaEats,Right. been using PapaEats for 9 months now. Brilliant,5,4.0.3,GB,2026-06-19T09:06:20Z
as_100040,leah1992,21 orders in and,21 orders in and not a single problem. 10/10,4,4.0.3,GB,2026-06-19T11:14:54Z
as_100041,mia1990,Hmm,"Decent app, a bit slow sometimes.",3,4.0.3,GB,2026-06-19T11:35:43Z
as_100042,amara_991,Excellent,The promo codes are generous and actually work for me.,5,4.0.3,IN,2026-06-19T14:47:51Z
as_100043,louis.w,My go-to app for,My go-to app for Friday night takeaways 🍕 😩,5,4.0.3,CA,2026-06-19T20:44:44Z
as_100044,ravi_c26,Top app,My go-to app for Friday night takeaways 🍕,5,4.0.3,ES,2026-06-20T04:40:15Z
as_100045,anna_c35,Perfect,🔥🔥🔥 anyone else?,5,4.0.3,GB,2026-06-20T05:36:27Z
as_100046,layla1991,Superb,Not sure if anyone reads these but My go-to app for Friday night takeaways 🍕,5,4.0.3,US,2026-06-20T14:01:06Z
as_100047,aisha_b26,Recommended,"Quick, reliable, great support when something goes wrong.",5,4.0.3,GB,2026-06-20T14:50:51Z
as_100048,rosa_h29,"Hey team, logged out","Hey team, logged out randomly and now the code won't come through",3,4.0.3,GB,2026-06-20T19:39:26Z
as_100049,omar2003,Quick one: found Wing,Quick one: found Wing Kings on here and it's now our regular. 10/10.,5,4.0.3,GB,2026-06-21T04:04:30Z
as_100050,oliver1998,Perfect,"Quick indian after work, arrived early. Love it.",5,4.0.3,GB,2026-06-21T04:10:13Z
as_100051,aaron_o37,Do better,ETA said 25 mins. Took 45. Refund please.,3,4.0.4,ES,2026-06-21T04:45:13Z
as_100052,aisha_k3,Great app,Been using PapaEats for 12 months now. Brilliant.,4,4.0.4,IE,2026-06-21T07:30:04Z
as_100053,marcusx778,Never had a problem,Never had a problem with the app but the delivery times lately are terrible. Come on.,3,4.0.3,US,2026-06-21T10:55:53Z
as_100054,dan1994,Great app,this app has replaced cooking in my house.,5,4.0.3,DE,2026-06-22T02:21:29Z
as_100055,noah_o82,Recommended,So many restaurants near me that I didn't know existed.,5,4.0.3,CA,2026-06-22T06:08:55Z
as_100056,oliver1998,Ordered indian for the,"Ordered indian for the whole family on Sunday. Simple, fast, reliable.",4,4.0.3,FR,2026-06-22T11:16:44Z
as_100057,yasmin_z25,Superb,Just works. Love the live tracking 😤,5,4.0.4,IE,2026-06-22T11:35:57Z
as_100058,sofia1997,Hmm,The restaurant's own website is cheaper.,3,4.0.3,US,2026-06-22T14:45:11Z
as_100059,sofia_o51,Just so you know,"Just so you know, Ordered vegan bowls for the whole family on Friday. Zero complaints",5,4.0.3,GB,2026-06-22T20:15:13Z
as_100060,will.w,Perfect,"Quick, reliable, great support when something goes wrong",4,4.0.4,IE,2026-06-22T22:50:07Z
as_100061,anna.t,Brilliant,The reorder button is genius.,5,4.0.4,GB,2026-06-22T23:15:16Z
as_100062,meera.z,Top app,Ordered pho for the whole family on Friday. The tracking is spot on.,5,4.0.3,IN,2026-06-23T03:24:05Z
as_100063,george1981,Top app,"Just so you know, Found Bao House on here and it's now our regular. Great selection round here.",5,4.0.3,GB,2026-06-23T08:58:44Z
as_100064,lukas_721,Excellent,Cheaper than the other apps and better restaurants,4,4.0.3,DE,2026-06-23T10:41:01Z
as_100065,george_b10,Service fee plus delivery,Service fee plus delivery fee plus small order fee. It's getting silly. Third time this month.,1,4.0.4,FR,2026-06-23T12:05:13Z
as_100066,ethan.e,Never fails,🔥🔥🔥,5,4.0.4,AU,2026-06-23T14:19:31Z
as_100067,callum.t,Friday night pasta sorted,Friday night pasta sorted in about 34 minutes. Would recommend.,5,4.0.4,US,2026-06-23T15:18:37Z
as_100068,lukas.j,Never fails,Ordered ramen from Wing Kings for teh match and it arrived in 23 minutes. Zero complaints.,4,4.0.3,DE,2026-06-23T20:40:03Z
as_100069,pierre1981,Idea,Please respect the system dark mode setting.,4,4.0.3,AU,2026-06-23T23:49:25Z
as_100070,arjunx834,Love it,Found Nonna's on here and it's now our regular. The tracking is spot on.,4,4.0.3,AU,2026-06-24T00:43:56Z
as_100071,ben208,Second time my order,Second time my order has gone to the wrong address. Not impressed.,2,4.0.3,GB,2026-06-24T01:04:32Z
as_100072,leo_j66,Food arrived cold. 61,Food arrived cold. 61 minutes for a 20 minute delivery. Come on.,3,4.0.3,US,2026-06-24T04:29:45Z
as_100073,aaron2002,Excellent,ordered pizza for the whole family on sunday. five stars.,5,4.0.4,US,2026-06-24T14:22:12Z
as_100074,sam.v,Ok,Works well most of the time.,3,4.0.3,GB,2026-06-24T14:46:02Z
as_100075,alfie_p98,Hmm,Good enough.,3,4.0.4,US,2026-06-24T17:14:26Z
as_100076,marcusx778,Perfect,"Found Istanbul Grill on here and it's now our regular. Simple, fast, reliable.",5,4.0.3,FR,2026-06-24T22:42:28Z
as_100077,samx746,Never fails,Ordered indian for the whole family yesterday. Would recommend.,5,4.0.3,FR,2026-06-25T04:09:30Z
as_100078,rosax734,Ugh. Friday night sushi,Ugh. Friday night sushi sorted in about 40 minutes. Reordering is two taps.,5,4.0.4,ES,2026-06-25T04:49:17Z
as_100079,noah.n,Brilliant,Friday night pho sorted in about 34 minutes. Would recommend Please look into it.,5,4.0.4,DE,2026-06-25T07:39:18Z
as_100080,will.s,love it,love it,4,4.0.4,IE,2026-06-25T10:21:47Z
as_100081,kai.z,Wrong order,"Late, cold, and missing the sauce. Great. Disappointed.",1,4.0.3,GB,2026-06-25T13:26:08Z
as_100082,hugo_c52,Love it,"Quick, reliable, great support when something goes wrong",4,4.0.4,GB,2026-06-25T15:58:09Z
as_100083,dev_b89,Just so you know,"Just so you know, 🔥🔥🔥",5,4.0.4,US,2026-06-25T23:29:49Z
as_100084,alfie.t,"Honestly, great selection of","Honestly, great selection of local restaurants. Five stars Sort it please.",5,4.0.4,GB,2026-06-26T02:40:43Z
as_100085,freya.o,Hmm,Not bad. Wish there were more restaurants in my area.,3,4.0.4,CA,2026-06-26T06:13:20Z
as_100086,marcus_z13,Five stars,love it. Ordered in 30 seconds and the food came hot Thx,5,4.0.4,AU,2026-06-26T09:45:17Z
as_100087,zara_o41,Best delivery app,Found Souvlaki Bros on here and it's now our regular. Reordering is two taps.,5,4.0.4,ES,2026-06-26T14:34:39Z
as_100088,elena_m65,quick indian for the,"quick indian for the match, arrived early. Cheaper than the others too.",5,4.0.4,FR,2026-06-26T15:30:29Z
as_100089,diego_e1,Better than the big,Better than the big apps for my area. Way more choice.,5,4.0.4,CA,2026-06-26T18:52:38Z
as_100090,george2000,Great app,The Pie Shop through this app for the match. 34 minutes door to door. Keep it up Please look into it.,5,4.0.4,GB,2026-06-26T19:52:25Z
as_100091,lukas_172,Great app,FYI easy peasy Thx,5,4.0.4,CA,2026-06-26T23:18:49Z
as_100092,anya2003,Love it,been using PapaEats for 12 months now. Love it.,4,4.0.4,DE,2026-06-26T23:29:59Z
as_100093,leah1992,Hmm,meh. it works.,3,4.0.3,FR,2026-06-27T10:29:50Z
as_100094,leo1992,So easy,great app 👍,5,4.0.3,GB,2026-06-27T11:07:35Z
as_100095,hugo_v37,Recommended,ordered pizza for the whole family on friday. would recommend.,5,4.0.3,GB,2026-06-27T13:17:10Z
as_100096,rubyx903,OTP text takes 10,OTP text takes 10 minutes to arrive. By then it's expired.,1,4.0.3,FR,2026-06-27T13:28:46Z
as_100097,emma.w,The scheduled delivery feature,The scheduled delivery feature is brilliant for office lunches,4,4.0.4,GB,2026-06-27T15:50:28Z
as_100098,rosa598,Top tier app,Top tier app,5,4.0.4,GB,2026-06-27T20:34:54Z
as_100098,rosa598,Top tier app,Top tier app,5,4.0.4,GB,2026-06-27T20:34:54Z
as_100099,keira_753,Thoughts,"Decent app, a bit slow sometimes.",3,4.0.4,ES,2026-06-27T22:15:06Z
as_100100,yasmin922,Great app,"so, been using papaeats for 10 months now. exactly what a delivery app should be.",5,4.0.3,US,2026-06-28T00:38:20Z
as_100101,max_c57,Ordered vegan bowls for,Ordered vegan bowls for the whole family yesterday. Never lets me down.,4,4.0.4,GB,2026-06-28T01:48:32Z
as_100102,meera_l47,So good 😍,So good 😍,5,4.0.4,IN,2026-06-28T02:45:45Z
as_100103,hannah.j,been using PapaEats for,been using PapaEats for 7 months now. Love it.,4,4.0.3,FR,2026-06-28T16:46:38Z
as_100104,grace_k31,Five stars,Found Nonna's on here and it's now our regular. Zero complaints.,5,4.0.3,US,2026-06-28T16:53:58Z
as_100105,meerax812,Do better,Got half my order. Support gave me a £2 credit. Insulting. Third time this month !!,1,4.0.4,IE,2026-06-28T23:05:14Z
as_100106,ruby_z68,Best delivery app,33 orders in and not a single problem. Would recommend Thanks.,5,4.0.4,IE,2026-06-29T01:33:39Z
as_100107,luke_d2,Never fails,Just works. Love the live tracking.,5,4.0.3,US,2026-06-29T13:23:17Z
as_100108,pierre1986,Love it,Amazing. Thank you Sort it please.,4,4.0.4,GB,2026-06-29T14:22:35Z
as_100108,pierre1986,Love it,Amazing. Thank you Sort it please.,4,4.0.4,GB,2026-06-29T14:22:35Z
as_100109,will_z7,Best delivery app,"Hey team, so many restaurants near me that I didn't know existed",4,4.0.3,AU,2026-06-29T14:27:59Z
as_100110,grace_c45,The reorder button is,The reorder button is genius.,5,4.0.4,GB,2026-06-29T21:08:45Z
as_100111,georgex150,So easy,40 orders in and not a single problem. Cheaper than the others too.,4,4.0.4,GB,2026-06-29T21:58:57Z
as_100112,aaron2005,Hmm,Fine for what it is.,3,4.0.3,US,2026-06-30T00:33:09Z
as_100113,yasmin_v95,So easy,customer support sorted my missing item in five minutes. impressed.,5,4.0.3,AU,2026-06-30T03:32:47Z
as_100114,josh_c36,So easy,Delivery drivers are always friendly. Great app,4,4.0.3,ES,2026-06-30T03:51:37Z
as_100115,layla_i29,Recommended,23 orders in and not a single problem. Best delivery app I've used.,5,4.0.4,CA,2026-06-30T05:10:12Z
as_100115,layla_i29,Recommended,23 orders in and not a single problem. Best delivery app I've used.,5,4.0.4,CA,2026-06-30T05:10:12Z
as_100116,ethan472,"So, Ordered thai for","So, Ordered thai for the whole family on Sunday. Simple, fast, reliable.",5,4.0.3,GB,2026-06-30T06:17:23Z
as_100117,jake.i,Suggestion,"The app needs a dark theme, everything else on my phone is dark Thx",5,4.0.3,IN,2026-06-30T08:09:35Z
as_100118,anna_z18,Never fails,Not sure if anyone reads these but The reorder button is genius.,4,4.0.3,AU,2026-06-30T13:49:12Z
as_100119,max1997,Disappointed,The refund for my missing items took 8 days. Come on.,2,4.0.3,ES,2026-06-30T14:33:20Z
as_100120,jess1993,Late again,waited 70 minutes then got a 'restaurant is busy' cancellation. Refund please,1,4.0.4,US,2026-06-30T21:20:59Z
as_100121,mateo.o,Never fails,"Honestly, 10/10 would recommend Please look into it.",4,4.0.3,GB,2026-06-30T22:20:04Z
as_100122,ravi_e63,Best delivery app,Ugh. Found The Pie Shop on here and it's now our regular. Food was hot. Perfect.,4,4.0.4,FR,2026-07-01T00:17:07Z
as_100123,oliver_v11,So easy,10/10 would recommend.,5,4.0.3,CA,2026-07-01T01:10:49Z
as_100123,oliver_v11,So easy,10/10 would recommend.,5,4.0.3,CA,2026-07-01T01:10:49Z
as_100124,tom1988,Missing items,The refund for my missing items took 8 days. Refund please 😩,1,4.0.3,CA,2026-07-01T01:40:30Z
as_100125,jess_369,Not sure if anyone,Not sure if anyone reads these but amazing. Thank you Sort it please.,4,4.0.4,GB,2026-07-01T05:18:02Z
as_100126,aaron.f,Superb,The reorder button is genius.,4,4.0.4,US,2026-07-01T20:45:58Z
as_100127,nadia_e90,"So, 22 orders in","So, 22 orders in and not a single problem. Brilliant Love the app otherwise.",5,4.0.3,GB,2026-07-01T22:33:42Z
as_100128,freya2003,Top app,"Five stars, no notes.",4,4.0.4,IE,2026-07-02T04:16:16Z
as_100129,george.m,Found Pho 24 on,Found Pho 24 on here and it's now our regular. The tracking is spot on.,5,4.0.3,GB,2026-07-02T09:14:45Z
as_100130,ben1989,Cold food,"Hi, taco Loco sent the wrong dish and nobody answers the chat. Disappointed 😩",2,4.0.4,US,2026-07-02T09:47:23Z
as_100131,aisha_807,Best delivery app,"Easy to use even for my mum, which says a lot Please look into it.",5,4.0.3,ES,2026-07-02T10:57:04Z
as_100132,elena297,love it ,love it !!,5,4.0.3,CA,2026-07-02T12:52:11Z
as_100133,maya_r52,Superb,"quick kebab for movie night, arrived early. Reordering is two taps Love the app otherwise.",4,4.0.3,FR,2026-07-02T17:35:31Z
as_100134,ivy_k58,Top app,"fantastic service, the driver was lovely and the food was perfect.",5,4.0.3,IN,2026-07-02T17:53:21Z
as_100135,emma1980,"So, The promo codes","So, The promo codes are generous and actually work for me.",4,4.0.3,FR,2026-07-03T04:39:44Z
as_100136,george.m,Do better,Ugh. never had a problem with the app but the delivery times lately are terrible. Third time this month.,1,4.0.4,US,2026-07-03T05:06:08Z
as_100137,anya_752,Never fails,Friday night ramen sorted in about 18 minutes. Love it.,5,4.0.3,FR,2026-07-03T06:45:41Z
as_100138,elenax730,Wrong order,Curry Leaf cancelled my order after 30 minutes of waiting. Do better,1,4.0.3,ES,2026-07-03T07:01:14Z
as_100139,aaron_h28,The reorder button is,The reorder button is genius.,5,4.0.4,GB,2026-07-03T08:12:05Z
as_100140,adam1981,Great app,Been using PapaEats for 3 months now. Brilliant Anyone else?,4,4.0.3,IN,2026-07-03T17:42:32Z
as_100141,louis1981,Best delivery app,found wing kings on here and it's now our regular. keep it up.,4,4.0.4,GB,2026-07-04T07:55:55Z
as_100142,fatima_n8,Help,How do I delete my account? Thx,4,4.0.4,CA,2026-07-04T08:40:46Z
as_100143,emma1988,Recommended,found nonna's on here and it's now our regular. big fan,5,4.0.3,ES,2026-07-04T15:21:58Z
as_100144,leo.n,So easy,Love it. Ordered in 30 seconds and the food came hot Love the app otherwise.,4,4.0.4,ES,2026-07-04T19:03:21Z
as_100144,leo.n,So easy,Love it. Ordered in 30 seconds and the food came hot Love the app otherwise.,4,4.0.4,ES,2026-07-04T19:03:21Z
as_100145,isla_b59,Not sure if anyone,Not sure if anyone reads these but 23 orders in and not a single problem. Love it.,5,4.0.4,GB,2026-07-04T20:52:49Z
as_100146,sofia_340,Brilliant,FYI 35 orders in and not a single problem. The scheduled delivery thing is genius for the office.,5,4.0.4,FR,2026-07-04T21:10:58Z
as_100147,zara1981,Perfect,"Absolutely brilliant. Ordered at 7, ate at 7:25 Thx",5,4.0.3,GB,2026-07-04T22:27:41Z
as_100148,leah1993,Love it,the promo codes are generous and actually work for me.,5,4.0.3,FR,2026-07-04T23:05:42Z
as_100149,louis_g43,Hmm,Not bad. Wish there were more restaurants in my area.,3,4.0.3,GB,2026-07-04T23:43:01Z
as_100150,theo_r64,So easy,Just works... Love the live tracking,4,4.0.4,AU,2026-07-05T04:55:44Z
as_100151,keira_p14,Love it,"Honestly, Been using PapaEats for 7 months now. Simple, fast, reliable.",5,4.0.4,US,2026-07-05T07:45:40Z
as_100152,ivy_k58,Brilliant,Ordered fried chicken for the whole family on Friday... Cheaper than the others too.,4,4.0.3,DE,2026-07-05T10:17:29Z
as_100153,arjun_j12,Superb,this app has replaced cooking in my house.,4,4.0.3,FR,2026-07-05T13:41:24Z
as_100154,ruby1986,🔥🔥🔥,🔥🔥🔥,5,4.0.4,IN,2026-07-05T14:10:18Z
as_100155,aisha_c64,"Hey team, Decent app","Hey team, Decent app, a bit slow sometimes.",3,4.0.4,DE,2026-07-05T23:50:03Z
as_100156,ellax967,So easy,friday night pho sorted in about 36 minutes. Love it Please look into it.,4,4.0.4,GB,2026-07-06T03:52:19Z
as_100157,ben_i23,Info,How do I delete my account?,5,4.0.3,US,2026-07-06T05:29:11Z
as_100158,maya1995,Recommended,33 orders in and not a single problem. five stars.,5,4.0.4,ES,2026-07-06T08:29:39Z
as_100159,rosa1982,36 orders in and,36 orders in and not a single problem. Best delivery app I've used Anyone else?,4,4.0.4,GB,2026-07-06T08:43:37Z
as_100160,ethan_w40,Five stars,40 orders in and not a single problem. So easy Thanks.,4,4.0.3,US,2026-07-06T10:32:56Z
as_100161,kai122,Ordered kebab from Sakura,Ordered kebab from Sakura for the match and it arrived in 27 minutes. Big fan,5,4.0.3,DE,2026-07-06T22:24:55Z
as_100162,louis_t76,Perfect,"easy to use even for my mum, which says a lot.",4,4.0.3,IN,2026-07-07T00:38:05Z
as_100163,luke_a67,Excellent,"Hey team, fast delivery and the app never crashes. Keep it up.",4,4.0.3,GB,2026-07-07T01:59:28Z
as_100164,arjun1984,Wrong order,Delivery took over an hour and the curry was freezing. Sort it out Cheers.,2,4.0.4,US,2026-07-07T02:06:25Z
as_100165,luke.m,Top app,Not sure if anyone reads these but ordered poke for the whole family after work. Driver was lovely Thanks.,4,4.0.4,ES,2026-07-07T03:52:46Z
as_100166,priya2001,Quick question,Can I change my order after placing it?,3,4.0.4,GB,2026-07-07T10:26:59Z
as_100166,priya2001,Quick question,Can I change my order after placing it?,3,4.0.4,GB,2026-07-07T10:26:59Z
as_100167,will_776,Never fails,really nice app... payment is quick and i like the receipts.,4,4.0.3,GB,2026-07-07T11:34:38Z
as_100168,nadia.n,Perfect,"quick, reliable, great support when something goes wrong Cheers.",5,4.0.4,GB,2026-07-07T21:40:01Z
as_100169,tara1994,Perfect,Ugh. friday night greek sorted in about 20 minutes. Never lets me down.,5,4.0.4,GB,2026-07-08T02:48:28Z
as_100170,lukas.d,Never fails,This app has replaced cooking in my house.,5,4.0.4,US,2026-07-08T05:22:25Z
as_100171,hannah_556,Ok,Fine for what it is.,3,4.0.3,FR,2026-07-08T10:27:31Z
as_100172,kenji_l62,Never fails,Ordered kebab from Taco Loco for the match and it arrived in 40 minutes. Brilliant.,5,4.0.3,GB,2026-07-08T13:31:43Z
as_100173,dev28,Help,Is there a family account option? 😩,3,4.0.3,IN,2026-07-08T14:48:24Z
as_100174,will.w,love it,love it,4,4.0.3,FR,2026-07-08T22:37:47Z
as_100174,will.w,love it,love it,4,4.0.3,FR,2026-07-08T22:37:47Z
as_100175,ninax779,"Hi, Quick, reliable, great","Hi, Quick, reliable, great support when something goes wrong.",5,4.0.3,US,2026-07-08T23:06:01Z
as_100176,jess1993,Never fails,18 orders in and not a single problem. Big fan.,5,4.0.3,IE,2026-07-08T23:21:27Z
as_100177,mateo_a23,Right. burger Barn through,Right. burger Barn through this app at lunch. 23 minutes door to door. Keep it up.,5,4.0.3,FR,2026-07-09T01:29:46Z
as_100178,robx297,Love it,So good 😍,4,4.0.3,FR,2026-07-09T05:44:12Z
as_100179,george.m,Brilliant,Cheaper than teh other apps and better restaurants,4,4.0.3,GB,2026-07-09T06:50:33Z
as_100180,adam1981,Superb,Easy peasy.,4,4.0.3,GB,2026-07-09T13:16:48Z
as_100181,sofia_w1,Great app,"Quick kebab for movie night, arrived early. 10/10.",4,4.0.3,AU,2026-07-09T15:11:06Z
as_100182,sara1993,So easy,My go-to app for Friday night takeaways 🍕,4,4.0.4,DE,2026-07-09T15:29:05Z
as_100183,mia_f4,Best delivery app,"quick poke yesterday, arrived early. brilliant.",5,4.0.4,FR,2026-07-09T17:42:58Z
as_100184,ethan547,Customer support sorted my,Customer support sorted my missing item in five minutes. Impressed.,4,4.0.3,GB,2026-07-09T18:41:21Z
as_100185,amara_t2,Fine for what it,Fine for what it is 😩,3,4.0.4,GB,2026-07-09T22:08:00Z
as_100186,freya.e,Great app,Been using PapaEats for 7 months now. Would recommend,4,4.0.4,AU,2026-07-10T02:04:08Z
as_100187,leo2005,Great app,Easy peasy Love teh app otherwise.,5,4.0.3,US,2026-07-10T08:11:07Z
as_100188,layla1992,Never fails,"Hi, friday night thai sorted in about 26 minutes. Love it.",5,4.0.4,US,2026-07-10T08:38:33Z
as_100189,yasmin.v,Top app,Ordered ramen for the whole family after work. Big fan.,4,4.0.3,US,2026-07-10T15:48:54Z
as_100190,hannah_m28,How do I,how do i delete my account? sort it please.,3,4.0.4,US,2026-07-10T17:40:39Z
as_100191,luke53,found Golden Dragon on,found Golden Dragon on here and it's now our regular... So easy.,5,4.0.4,GB,2026-07-10T21:45:08Z
as_100192,finn1990,Brilliant,"Not sure if anyone reads these but Istanbul Grill through this app yesterday. 31 minutes door to door. Simple, fast, reliable Cheers.",5,4.0.4,IE,2026-07-11T12:56:16Z
as_100193,callum_368,Poor service,"Missing items, again. Paid for 3, got 2. Sort it out.",1,4.0.4,US,2026-07-11T13:04:11Z
as_100194,isla1996,Brilliant,yum,4,4.0.3,DE,2026-07-11T13:22:05Z
as_100195,keira.n,Superb,Big fan. Please add more restaurants in Leeds though.,5,4.0.3,US,2026-07-11T13:29:35Z
as_100196,jess1983,Recommended,Cheaper than the other apps and better restaurants Sort it please.,5,4.0.3,GB,2026-07-11T18:40:26Z
as_100197,george_d34,Ordered poke from Golden,Ordered poke from Golden Dragon for the match and it arrived in 40 minutes. Keep it up.,5,4.0.4,AU,2026-07-11T21:59:49Z
as_100198,nina_751,Great app,"Been using PapaEats for a year, never lets me down.",4,4.0.4,GB,2026-07-12T00:08:31Z
as_100199,grace_g15,22 orders in and,22 orders in and not a single problem. Food was hot. Perfect.,5,4.0.3,US,2026-07-12T02:10:02Z
as_100200,callum.d,Excellent,The app is so smooth. Reordering my usual takes two taps.,5,4.0.3,GB,2026-07-12T02:34:05Z
as_100201,arjun907,My go-to app for,My go-to app for Friday night takeaways 🍕 Please look into it.,4,4.0.4,GB,2026-07-12T03:39:39Z
as_100202,mia1992,Brilliant,Really nice app. Payment is quick and I like teh receipts.,5,4.0.4,IN,2026-07-12T06:19:50Z
as_100203,louis_g53,Excellent,love it,5,4.0.4,FR,2026-07-12T07:24:58Z
as_100204,ben1998,Recommended,The reorder button is genius Thx,5,4.0.3,ES,2026-07-12T09:43:11Z
as_100205,theo_b12,"Five stars, no notes","Five stars, no notes 😩",5,4.0.3,AU,2026-07-13T06:37:34Z
as_100206,ella.v,Easy to use even,"Easy to use even for my mum, which says a lot.",5,4.0.3,DE,2026-07-13T11:57:22Z
as_100207,fatima_888,Thoughts,Good app but the service fee keeps creeping up.,3,4.0.3,IN,2026-07-13T14:51:59Z
as_100208,will1997,Ordered pasta for teh,Ordered pasta for teh whole family on Friday. Zero complaints.,5,4.0.3,DE,2026-07-14T03:59:59Z
as_100209,luke53,So easy,18 orders in and not a single problem. Never lets me down.,5,4.0.4,IE,2026-07-14T05:45:39Z
as_100210,maya.v,Thoughts,"Decent app, a bit slow sometimes.",3,4.0.3,US,2026-07-14T19:04:50Z
as_100211,elena_w1,Brilliant,Great selection of local restaurants. Five stars Anyone else?,5,4.0.3,DE,2026-07-14T23:58:53Z
as_100212,jake655,Perfect,Not sure if anyone reads these but 29 orders in and not a single problem. Cheaper than the others too,4,4.0.3,IE,2026-07-15T13:42:21Z
as_100213,arjun.l,Suggestion,"my phone is in dark mode, the app is not. fix pls.",4,4.0.3,US,2026-07-15T16:32:52Z
as_100214,oliver_w10,Cold food,Souvlaki Bros sent the wrong dish and nobody answers the chat.,2,4.0.3,ES,2026-07-15T19:33:46Z
as_100215,josh1987,Ok,Alright. Some restaurants are overpriced on here.,3,4.0.4,GB,2026-07-15T19:40:33Z
as_100216,luke_106,Brilliant,"Not sure if anyone reads these but Been using PapaEats for a year, never lets me down.",4,4.0.4,US,2026-07-16T02:28:22Z
as_100217,ruby_b98,Never fails,🔥🔥🔥,4,4.0.3,US,2026-07-16T05:52:59Z
as_100218,will_s56,Been using PapaEats for,Been using PapaEats for 10 months now. The scheduled delivery thing is genius for the office.,5,4.0.3,AU,2026-07-16T06:35:56Z
as_100219,leo1990,Perfect,20 orders in and not a single problem. The scheduled delivery thing is genius for teh office.,4,4.0.4,CA,2026-07-16T08:32:35Z
as_100219,leo1990,Perfect,20 orders in and not a single problem. The scheduled delivery thing is genius for teh office.,4,4.0.4,CA,2026-07-16T08:32:35Z
as_100220,hugo.n,Five stars,"Five stars, no notes.",4,4.0.4,GB,2026-07-16T12:53:58Z
as_100221,rosa_m89,Is there a way,Is there a way to schedule an order for tomorrow?,4,4.0.3,IE,2026-07-16T17:30:25Z
as_100222,theo_b12,Cheaper than the other,Cheaper than the other apps and better restaurants Anyone else?,4,4.0.3,IE,2026-07-16T21:50:18Z
as_100223,jessx395,The favourites feature is,The favourites feature is handy. Great app.,4,4.0.4,US,2026-07-16T23:17:21Z
as_100224,lukasx257,Superb,"Honestly, been using PapaEats for 6 months now... Keep it up 😩",5,4.0.3,FR,2026-07-17T01:12:59Z
as_100225,harry_k51,FYI 26 orders in,FYI 26 orders in and not a single problem. So easy.,4,4.0.3,ES,2026-07-17T08:02:13Z
as_100226,rosa_596,Perfect,Found Taco Loco on here and it's now our regular. Five stars.,4,4.0.3,CA,2026-07-17T15:01:36Z
as_100227,yasmin.d,Great app,Ordered tacos from Nonna's last night and it arrived in 28 minutes. Love it.,5,4.0.3,US,2026-07-17T15:17:41Z
as_100228,luke_789,Not sure if anyone,"Not sure if anyone reads these but five stars, no notes.",4,4.0.3,DE,2026-07-17T21:42:20Z
as_100229,ella.a,Ok,"Hey team, works well most of the time.",3,4.0.4,GB,2026-07-17T23:50:04Z
as_100230,theo1980,Top app,Delivery was early! Food was hot. Perfect.,5,4.0.4,FR,2026-07-18T01:21:20Z
as_100231,max.d,Perfect,yum,5,4.0.4,ES,2026-07-18T05:48:41Z
as_100232,louis60,Perfect,18 orders in and not a single problem. Driver was lovely.,5,4.0.4,ES,2026-07-18T13:19:54Z
as_100233,dan.r,So easy,Customer support sorted my missing item in five minutes. Impressed.,5,4.0.3,ES,2026-07-18T14:23:54Z
as_100234,lukas2001,"Clean design, easy to","Clean design, easy to use, food always on time.",5,4.0.3,GB,2026-07-18T18:02:19Z
as_100235,amara_i24,Do better,Not sure if anyone reads these but driver left the food at the wrong building. Do better.,3,4.0.3,DE,2026-07-18T18:37:11Z
as_100236,aisha.t,Excellent,"Hi, been using PapaEats for a year, never lets me down 😩",5,4.0.3,GB,2026-07-18T19:58:35Z
as_100237,nina_i29,Recommended,Just works. Love the live tracking.,5,4.0.3,CA,2026-07-19T04:04:52Z
as_100238,sofia_w1,Superb,Not sure if anyone reads these but ordered indian from Golden Dragon for the match and it arrived in 38 minutes. Zero complaints.,5,4.0.3,ES,2026-07-19T04:52:59Z
as_100239,ruby_p35,Love it,"Hi, the favourites feature is handy. Great app.",5,4.0.4,AU,2026-07-19T04:56:47Z
as_100240,ravi.c,Never fails,18 orders in and not a single problem. Food was hot. Perfect.,5,4.0.3,CA,2026-07-19T05:36:51Z
as_100241,camille1981,Brilliant,yum,4,4.0.4,ES,2026-07-19T06:20:08Z
as_100242,oliver.v,Poor service,Golden Dragon cancelled my order after 30 minutes of waiting. Disappointed.,2,4.0.4,ES,2026-07-19T19:24:33Z
as_100243,ruby.a,Brilliant,Friday night poke sorted in about 33 minutes. Zero complaints.,5,4.0.4,AU,2026-07-19T19:58:25Z
as_100244,aisha1998,Superb,"Five stars, no notes.",5,4.0.4,US,2026-07-19T23:57:53Z
as_100245,omar_703,Second time my order,Second time my order has gone to the wrong address.,2,4.1.2,ES,2026-07-20T02:26:48Z
as_100246,callum.z,Five stars,Easy peasy.,5,4.1.0,GB,2026-07-20T03:06:32Z
as_100247,harry_e5,Excellent,My go-to app for Friday night takeaways 🍕,4,4.1.0,FR,2026-07-20T07:19:32Z
as_100248,aisha_b26,Info,Is there a way to schedule an order for tomorrow?,4,4.1.0,DE,2026-07-20T10:21:12Z
as_100249,luke_j11,Best delivery app,"Hi, found Pho 24 on here and it's now our regular. Reordering is two taps Sort it please.",4,4.1.2,AU,2026-07-20T11:32:05Z
as_100250,sara_w70,Missing items,The refund for my missing items took 8 days. Come on.,2,4.1.2,GB,2026-07-20T16:39:55Z
as_100251,noah.g,Random,Not bad. Wish there were more restaurants in my area.,3,4.1.2,GB,2026-07-20T22:33:55Z
as_100252,sam.l,Missing items,got half my order... support gave me a £2 credit. insulting. won't be ordering again.,2,4.1.0,DE,2026-07-21T00:13:20Z
as_100253,adam1994,FYI friday night fried,FYI friday night fried chicken sorted in about 38 minutes. Big fan 😤,5,4.1.2,US,2026-07-21T04:12:12Z
as_100254,jake_h96,Do better,Service fee plus delivery fee plus small order fee. It's getting silly. Won't be ordering again.,5,4.1.2,FR,2026-07-21T07:03:54Z
as_100255,louis1992,Been using PapaEats for,Been using PapaEats for 4 months now. Brilliant.,4,4.1.2,AU,2026-07-21T08:05:35Z
as_100256,ruby_b98,The app is so,The app is so smooth. Reordering my usual takes two taps !!,4,4.1.2,US,2026-07-21T17:05:20Z
as_100257,chloe1980,Perfect,ordered thai from Nonna's at lunch and it arrived in 19 minutes. So easy.,4,4.1.2,IE,2026-07-21T21:59:29Z
as_100258,lucia_j74,Perfect,"Been using PapaEats for a year, never lets me down.",5,4.1.2,IN,2026-07-22T11:56:44Z
as_100259,leah2005,Not great,"right. missing items, again. paid for 3, got 2 sort it please.",1,4.1.2,IE,2026-07-22T20:52:56Z
as_100260,grace360,Love it,"Quick sushi on Sunday, arrived early... Five stars.",5,4.1.0,CA,2026-07-22T21:09:00Z
as_100261,maya1988,Top app,"quick pizza for movie night, arrived early. Food was hot. Perfect.",5,4.1.2,DE,2026-07-22T22:05:14Z
as_100262,jake_h96,Five stars,30 orders in and not a single problem. five stars.,5,4.1.2,CA,2026-07-23T09:31:34Z
as_100263,adam125,Recommended,"Hey team, Friday night poke sorted in about 31 minutes. Driver was lovely Please look into it.",5,4.1.2,CA,2026-07-23T16:33:00Z
as_100264,fatima1985,Amazing. Thank you ,Amazing. Thank you !!,5,4.1.0,GB,2026-07-23T21:17:22Z
as_100265,george_i94,Quick one: cheaper than,Quick one: cheaper than the other apps and better restaurants Thx,4,4.1.2,FR,2026-07-24T00:16:23Z
as_100266,arjun_n75,found sakura on here,found sakura on here and it's now our regular. would recommend.,4,4.1.0,GB,2026-07-24T00:18:02Z
as_100267,luke_d2,Love it,"Quick chinese on Sunday, arrived early. Love it.",5,4.1.2,GB,2026-07-24T02:57:24Z
as_100268,meera.o,Love it,"Honestly, the reorder button is genius.",5,4.1.2,US,2026-07-24T06:01:44Z
as_100269,amara_e33,The refund for my,The refund for my missing items took 8 days. Come on Anyone else?,2,4.1.0,IE,2026-07-24T07:43:00Z
as_100270,emma1989,Quick one: clean design,"Quick one: clean design, easy to use, food always on time.",5,4.1.2,GB,2026-07-24T12:25:58Z
as_100271,diego1997,So easy,Found Burger Barn on here and it's now our regular. Food was hot. Perfect.,5,4.1.0,US,2026-07-24T19:46:21Z
as_100272,kai_v89,Mama Rosa through this,Mama Rosa through this app last night. 19 minutes door to door. Keep it up.,5,4.1.0,IE,2026-07-24T21:34:03Z
as_100273,anna1986,Brilliant,"Right. been using PapaEats for 12 months now. Simple, fast, reliable.",5,4.1.2,FR,2026-07-24T23:19:43Z
as_100274,kenji_990,Superb,"Hey team, the app is so smooth. Reordering my usual takes two taps 😤",5,4.1.0,AU,2026-07-24T23:22:27Z
as_100275,rosax494,Recommended,"Hey team, been using PapaEats for a year, never lets me down.",5,4.1.2,FR,2026-07-25T01:08:34Z
as_100276,anya1991,Best delivery app,Ordered pizza for the whole family at lunch. 10/10 !!,5,4.1.2,US,2026-07-25T13:59:13Z
as_100277,elena1986,Love it,Been using PapaEats for 12 months now. Never lets me down.,5,4.1.2,IN,2026-07-25T14:26:21Z
as_100278,elena_z6,Never fails,the app is so smooth. reordering my usual takes two taps,5,4.1.0,FR,2026-07-25T14:56:00Z
as_100279,ethan.n,Best delivery app,"So, The favourites feature is handy. Great app.",5,4.1.2,ES,2026-07-25T17:57:21Z
as_100280,isla_f4,Perfect,"Ugh. Been using PapaEats for a year, never lets me down.",5,4.1.2,AU,2026-07-25T19:42:00Z
as_100281,yuki.p,Curry Leaf cancelled my,Curry Leaf cancelled my order after 30 minutes of waiting. Do better,1,4.1.2,IE,2026-07-25T23:20:03Z
as_100282,kenji_v9,Never fails,"Quick pho after work, arrived early. Best delivery app I've used.",5,4.1.2,IE,2026-07-26T00:38:46Z
as_100283,anya.a,Top app,Ugh. Just works. Love the live tracking.,5,4.1.2,US,2026-07-26T03:31:40Z
as_100284,emma_h85,Recommended,Top tier app Thanks.,4,4.1.2,DE,2026-07-26T05:02:13Z
as_100285,anya_321,Right. Meh. It works,Right. Meh. It works Sort it please.,3,4.1.0,ES,2026-07-26T08:39:20Z
as_100286,theo1988,Recommended,"Hi, the app is so smooth. Reordering my usual takes two taps Thx",4,4.1.2,DE,2026-07-26T09:47:40Z
as_100287,meera1995,Brilliant,Right. Found Mama Rosa on here and it's now our regular. Never lets me down Anyone else?,4,4.1.2,US,2026-07-26T09:50:43Z
as_100288,callum1981,Great app,Top tier app,5,4.1.2,GB,2026-07-26T09:50:49Z
as_100289,leah_i39,"Hey team, Decent app","Hey team, Decent app, a bit slow sometimes",3,4.1.0,DE,2026-07-26T12:46:01Z
as_100290,alfie_d69,Ok,"So, Good app but the service fee keeps creeping up.",3,4.1.0,CA,2026-07-26T18:44:42Z
as_100291,amelia.d,So easy,Just works. Love the live tracking Cheers.,5,4.1.2,GB,2026-07-26T20:34:34Z
as_100292,will1996,One thing missing,"Hi, splitting a £60 order across four cards manually is not fun. Build it in!",5,4.1.2,US,2026-07-27T09:07:34Z
as_100293,dan_d12,Five stars,Ordered pho from Pho 24 on Sunday and it arrived in 40 minutes. Best delivery app I've used.,5,4.1.2,DE,2026-07-27T13:37:55Z
as_100294,noah_v17,Not great,Driver was rude and basically threw the bag at the door. Come on.,2,4.1.2,GB,2026-07-27T13:47:36Z
as_100295,rob_e36,"Hi, not bad. Wish","Hi, not bad. Wish there were more restaurants in my area.",3,4.1.0,GB,2026-07-27T18:23:19Z
as_100296,hugo_o12,So easy,FYI ordered ramen for the whole family after work. Zero complaints.,4,4.1.0,GB,2026-07-28T08:19:16Z
as_100297,pierre.n,Quick burgers on Sunday,"Quick burgers on Sunday, arrived early. Love it.",5,4.1.2,GB,2026-07-28T09:14:03Z
as_100298,omar_b50,Love it,"So, nonna's through this app last night. 19 minutes door to door. Love it",5,4.1.2,IE,2026-07-28T12:41:35Z
as_100299,diego_e1,Recommended,Delivery drivers are always friendly. Great app.,4,4.1.2,IE,2026-07-28T13:56:14Z
as_100300,louis1989,how to change phone,how to change phone number,4,4.1.2,AU,2026-07-28T13:59:58Z
as_100301,tom1990,Make $5000 a week,"Make $5000 a week from home, visit bit.ly/2xW9aQ",5,4.1.2,GB,2026-07-28T16:54:00Z
as_100302,tarax787,Excellent,Easy peasy.,4,4.1.2,ES,2026-07-28T17:22:56Z
as_100303,elena_c31,Delivery drivers are always,Delivery drivers are always friendly. Great app.,5,4.1.2,CA,2026-07-28T18:27:06Z
as_100304,amara1997,Excellent,🔥🔥🔥,5,4.1.2,IE,2026-07-29T04:38:52Z
as_100305,camille_h97,Right. friday night pho,Right. friday night pho sorted in about 27 minutes. So easy.,4,4.1.2,IE,2026-07-29T07:35:15Z
as_100306,jake_h96,Love it,better than the big apps for my area. Way more choice.,4,4.1.2,DE,2026-07-29T16:41:25Z
as_100307,isla_v79,Ugh. got half my,Ugh. got half my order. Support gave me a £2 credit. Insulting,1,4.1.2,IN,2026-07-29T19:01:56Z
as_100308,arjun_b47,Do better,"Hi, Food was cold and the drink was missing.",3,4.1.0,GB,2026-07-29T19:34:28Z
as_100309,george_f36,Found Green Bowl on,Found Green Bowl on here and it's now our regular. Would recommend.,5,4.1.2,US,2026-07-29T19:45:40Z
as_100310,leah1981,Top app,"Clean design, easy to use, food always on time.",4,4.1.2,FR,2026-07-30T00:25:49Z
as_100311,leox699,Suggestion,A dark mode toggle is teh only thing I'd change.,4,4.1.2,GB,2026-07-30T09:35:10Z
as_100312,rubyx235,nonna's through this app,nonna's through this app at lunch. 23 minutes door to door. Never lets me down Thx,5,4.1.2,CA,2026-07-30T13:53:04Z
as_100313,luciax146,Superb,"Just so you know, quick pizza after work, arrived early. Big fan.",4,4.1.2,FR,2026-07-30T14:26:38Z
as_100314,aaronx82,It's fine. Does the,It's fine. Does the job,3,4.1.2,FR,2026-07-30T15:49:07Z
as_100315,adam1990,Love it,Cheaper than the other apps and better restaurants !!,5,4.1.2,CA,2026-07-30T16:52:21Z
as_100316,lukas_w27,Quick one: 19 orders,Quick one: 19 orders in and not a single problem. Reordering is two taps.,5,4.1.0,IN,2026-07-31T02:16:44Z
as_100317,adam_856,Five stars,The favourites feature is handy. Great app.,4,4.1.2,DE,2026-07-31T05:27:37Z
as_100318,sofia473,So easy,"absolutely brilliant. Ordered at 7, ate at 7:25 Thanks.",5,4.1.2,CA,2026-08-01T00:34:51Z
as_100319,aishax205,Frustrating,Verification SMS doesn't arrive on my network. Email option please,1,4.1.2,IN,2026-08-01T06:14:27Z
as_100320,louis60,Five stars,Been using PapaEats for 2 months now. Keep it up.,5,4.1.2,IE,2026-08-01T06:23:50Z
as_100321,alfie133,Never fails,"quick indian after work, arrived early. Love it.",4,4.1.2,DE,2026-08-01T09:11:40Z
as_100322,hugo.t,Found Sakura on here,Found Sakura on here and it's now our regular. Reordering is two taps.,4,4.1.2,FR,2026-08-01T18:13:48Z
as_100323,sara_s28,Excellent,found Nonna's on here and it's now our regular. Love it.,4,4.1.2,US,2026-08-02T07:52:28Z
as_100324,ella.l,Never fails,Perfect every time.,5,4.1.2,GB,2026-08-02T08:35:37Z
as_100325,leo_w79,Ok,Anyone know if Nonna's does gluten free?,4,4.1.2,DE,2026-08-02T16:01:59Z
as_100326,callum_m52,Best delivery app,Been using PapaEats for 7 months now. Five stars,5,4.1.0,CA,2026-08-02T17:02:15Z
as_100327,chloe2004,Five stars,better than the big apps for my area. Way more choice.,5,4.1.2,GB,2026-08-02T19:00:59Z
as_100328,ella_p48,Superb,Not sure if anyone reads these but the promo codes are generous and actually work for me.,5,4.1.2,AU,2026-08-02T21:32:27Z
as_100329,diego1997,Never had a problem,Never had a problem with the app but the delivery times lately are terrible. Third time this month.,1,4.1.0,DE,2026-08-02T21:35:19Z
as_100330,george1981,Excellent,Ordered burgers from Nonna's on Sunday and it arrived in 27 minutes. Zero complaints.,4,4.1.2,GB,2026-08-03T01:51:27Z
as_100331,lucia_w93,Thoughts,"Honestly, Meh. It works.",3,4.1.2,US,2026-08-03T04:34:04Z
as_100332,priya_z70,Poor service,Delivery took over an hour and the pizza was stone cold. Refund please.,2,4.1.2,GB,2026-08-03T12:56:56Z
as_100333,kai_m72,Top app,Big fan. Please add more restaurants in Leeds though Thanks.,4,4.1.2,GB,2026-08-03T14:45:26Z
as_100334,arjun.p,Perfect,Right. Delivery was early! Food was hot. Perfect Anyone else?,4,4.1.2,FR,2026-08-03T15:19:57Z
as_100335,luke_v93,Not great,The refund for my missing items took 8 days,2,4.1.2,US,2026-08-03T15:29:19Z
as_100336,fatima2003,Absolutely brilliant. Ordered at,"Absolutely brilliant. Ordered at 7, ate at 7:25.",4,4.1.2,CA,2026-08-03T21:35:06Z
as_100337,ruby.f,Superb,Found Taco Loco on here and it's now our regular. Love it Sort it please.,4,4.1.0,GB,2026-08-03T21:42:44Z
as_100338,will_d74,Best delivery app,quick one: ordered pasta from bao house last night and it arrived in 27 minutes. the scheduled delivery thing is genius for the office thanks.,5,4.1.2,GB,2026-08-03T22:38:28Z
as_100339,leo_k19,Five stars,"Been using PapaEats for a year, never lets me down.",4,4.1.2,US,2026-08-04T02:47:56Z
as_100340,isla_v79,Right. driver marked it,Right. driver marked it delivered. It was not delivered.,5,4.1.0,ES,2026-08-04T22:34:52Z
as_100341,layla_g18,Random,"Decent app, a bit slow sometimes.",3,4.1.2,IN,2026-08-04T23:06:49Z
as_100342,priya678,Random,Good enough Sort it please.,3,4.1.0,AU,2026-08-05T00:33:48Z
as_100343,hugo_d7,Perfect,Ugh. 22 orders in and not a single problem. Would recommend.,5,4.1.0,US,2026-08-05T01:02:51Z
as_100344,zara1981,The restaurant's own website,The restaurant's own website is cheaper.,4,4.1.2,US,2026-08-05T08:56:45Z
as_100345,arjunx834,Right. the app is,Right. the app is so smooth. Reordering my usual takes two taps.,4,4.1.2,US,2026-08-05T09:30:04Z
as_100346,yasmin_s35,Nonna's through this app,Nonna's through this app at lunch. 18 minutes door to door. Driver was lovely.,5,4.1.2,GB,2026-08-05T12:35:19Z
as_100347,maya_68,So easy,Ordered pasta for the whole family after work. The scheduled delivery thing is genius for the office.,5,4.1.0,AU,2026-08-05T12:50:35Z
as_100348,leox824,Quick tacos for movie,"Quick tacos for movie night, arrived early. Big fan Cheers.",5,4.1.0,AU,2026-08-05T13:18:53Z
as_100349,callumx48,Just so you know,"Just so you know, Quick indian on Sunday, arrived early. 10/10 Sort it please.",5,4.1.0,US,2026-08-05T15:15:18Z
as_100350,jess96,Right. absolutely brilliant. Ordered,"Right. absolutely brilliant. Ordered at 7, ate at 7:25 Thanks.",4,4.1.0,IN,2026-08-05T15:49:16Z
as_100351,ella1998,Help,Is there a family account option? Cheers.,4,4.1.0,US,2026-08-05T18:23:55Z
as_100352,adamx507,Perfect every time,Perfect every time.,4,4.1.2,FR,2026-08-05T18:50:56Z
as_100352,adamx507,Perfect every time,Perfect every time.,4,4.1.2,FR,2026-08-05T18:50:56Z
as_100353,arjun_b58,Does teh app work,Does teh app work abroad?,3,4.1.2,US,2026-08-05T23:28:04Z
as_100354,max_s50,Top app,"hey team, great app 👍 😩",4,4.1.0,DE,2026-08-06T00:34:49Z
as_100355,nadia593,Missing items,Not sure if anyone reads these but Never had a problem with the app but the delivery times lately are terrible. Disappointed 😩,1,4.1.0,IN,2026-08-06T05:31:07Z
as_100356,josh.p,Cold food,"Ugh. Late, cold, and missing the sauce. Great. Disappointed.",3,4.1.0,ES,2026-08-06T06:25:39Z
as_100357,leah_j17,Hmm,Alright. Some restaurants are overpriced on here.,3,4.1.2,AU,2026-08-06T06:33:42Z
as_100357,leah_j17,Hmm,Alright. Some restaurants are overpriced on here.,3,4.1.2,AU,2026-08-06T06:33:42Z
as_100358,lukas1990,Perfect,Ordered tacos from Poke Bros for movie night and it arrived in 33 minutes. Never lets me down.,5,4.1.2,FR,2026-08-06T10:09:29Z
as_100358,lukas1990,Perfect,Ordered tacos from Poke Bros for movie night and it arrived in 33 minutes. Never lets me down.,5,4.1.2,FR,2026-08-06T10:09:29Z
as_100359,layla1991,Great app,Quick one: friday night pasta sorted in about 32 minutes. Zero complaints.,4,4.1.2,GB,2026-08-06T10:26:08Z
as_100360,zara1995,Superb,Ordered ramen from Wing Kings for the match and it arrived in 26 minutes. Best delivery app I've used.,5,4.1.2,GB,2026-08-06T12:30:27Z
as_100361,anna_612,Easy peasy,Easy peasy.,5,4.1.0,IN,2026-08-06T13:09:13Z
as_100362,yuki1986,Free,test,5,4.1.2,GB,2026-08-06T14:43:54Z
as_100363,george2003,Never fails,The scheduled delivery feature is brilliant for office lunches Please look into it...,5,4.1.2,IN,2026-08-06T17:02:43Z
as_100363,george2003,Never fails,The scheduled delivery feature is brilliant for office lunches Please look into it...,5,4.1.2,IN,2026-08-06T17:02:43Z
as_100364,anya_p96,Love it,24 orders in and not a single problem. Best delivery app I've used Please look into it.,5,4.1.2,US,2026-08-07T03:01:42Z
as_100365,dev_a42,Five stars,So good 😍 Sort it please.,5,4.1.2,GB,2026-08-07T06:04:30Z
as_100366,isla1995,Never fails,"Quick pasta yesterday, arrived early. Driver was lovely.",5,4.1.2,AU,2026-08-07T07:41:03Z
as_100367,maya2001,Five stars,Nonna's through this app yesterday. 35 minutes door to door. Never lets me down Please look into it.,4,4.1.0,GB,2026-08-07T11:55:51Z
as_100368,amara1987,Great app,"Clean design, easy to use, food always on time.",5,4.1.2,US,2026-08-07T13:01:24Z
as_100369,fatima.s,Best food delivery app,"Best food delivery app I've used. Fast, easy, and the tracking is great.",5,4.1.2,DE,2026-08-07T14:15:52Z
as_100370,theo_b12,been using PapaEats for,been using PapaEats for 4 months now. Exactly what a delivery app should be.,5,4.1.2,AU,2026-08-07T17:53:20Z
as_100371,grace_k31,Hey,asdfghjkl,5,4.1.2,US,2026-08-07T18:43:02Z
as_100372,lukas2002,Love it,Big fan. Please add more restaurants in Leeds though Anyone else?,5,4.1.0,IE,2026-08-07T18:44:12Z
as_100373,yuki_v59,So easy,Easy peasy Sort it please.,4,4.1.2,FR,2026-08-07T21:33:49Z
as_100374,louis_h54,"So, Perfect every time","So, Perfect every time",4,4.1.0,GB,2026-08-08T13:57:35Z
as_100375,finn_r63,So easy,really nice app. Payment is quick and I like the receipts,5,4.1.2,AU,2026-08-08T14:52:16Z
as_100376,ben_z95,love it,love it,5,4.1.2,GB,2026-08-08T19:26:37Z
as_100377,mateo_e20,Driver was rude and,Driver was rude and basically threw teh bag at the door. Won't be ordering again.,1,4.1.2,GB,2026-08-08T23:20:36Z
as_100378,nina9,So easy,perfect every time...,5,4.1.0,IE,2026-08-09T18:19:33Z
as_100379,grace_c58,Love it,This app has replaced cooking in my house,5,4.1.0,US,2026-08-09T23:38:50Z
as_100380,dan1995,My go-to app for,My go-to app for Friday night takeaways 🍕 Sort it please.,5,4.1.2,GB,2026-08-10T08:47:41Z
as_100381,meera.o,Never fails,Friday night pho sorted in about 21 minutes. So easy Thx,5,4.1.0,US,2026-08-10T10:43:20Z
as_100382,ben_i23,Brilliant,"Honestly, 19 orders in and not a single problem. Five stars.",5,4.1.2,AU,2026-08-10T14:10:22Z
as_100383,ruby1989,Best delivery app,Fast delivery and the app never crashes. Keep it up.,5,4.1.0,US,2026-08-11T09:17:18Z
as_100384,josh.p,The promo codes are,The promo codes are generous and actually work for me Thanks.,5,4.1.0,US,2026-08-11T21:02:24Z
as_100385,maya_i61,Best delivery app,So many restaurants near me that I didn't know existed 😤,5,4.1.2,FR,2026-08-12T00:49:15Z
as_100385,maya_i61,Best delivery app,So many restaurants near me that I didn't know existed 😤,5,4.1.2,FR,2026-08-12T00:49:15Z
as_100386,will_m63,Superb,Top tier app,5,4.1.0,GB,2026-08-12T08:47:32Z
as_100387,keira.n,Good enough,Good enough.,3,4.1.2,IE,2026-08-12T16:17:21Z
as_100388,ivyx112,Great app,25 orders in and not a single problem. Driver was lovely Anyone else?,4,4.1.2,GB,2026-08-12T21:43:24Z
as_100389,isla_b59,Help,Can I change my order after placing it?,5,4.1.2,AU,2026-08-13T00:39:38Z
as_100390,lucia449,Best delivery app,"Hi, Wing Kings through this app for movie night. 25 minutes door to door. Simple, fast, reliable Thx",4,4.1.0,ES,2026-08-13T01:32:43Z
as_100391,aisha.k,24 orders in and,24 orders in and not a single problem. Would recommend.,4,4.1.2,CA,2026-08-13T02:08:28Z
as_100392,will_776,Really nice app. Payment,Really nice app. Payment is quick and I like the receipts,4,4.1.0,GB,2026-08-13T07:01:57Z
as_100393,aisha2002,Best delivery app,great app 👍 Anyone else?,5,4.1.0,AU,2026-08-13T13:08:42Z
as_100394,george_i29,Never fails,Been using PapaEats for 6 months now. 10/10.,5,4.1.2,US,2026-08-13T13:48:47Z
as_100395,josh_783,"Honestly, Easy to use","Honestly, Easy to use even for my mum, which says a lot.",5,4.1.2,FR,2026-08-13T16:18:12Z
as_100396,luke_t85,Late again,"Hi, Wrong order delivered. Got someone's fried chicken instead of my tacos. Sort it out.",2,4.1.2,US,2026-08-13T19:22:57Z
as_100397,emma.z,Cold food,Food was cold and teh drink was missing !!,3,4.1.2,CA,2026-08-14T02:15:34Z
as_100398,hannah_p65,This app has replaced,This app has replaced cooking in my house !!,5,4.1.2,GB,2026-08-14T02:45:47Z
as_100399,omar.c,Info,is there a way to schedule an order for tomorrow? thanks.,5,4.1.0,AU,2026-08-14T06:23:57Z
as_100400,george1997,Top tier app,Top tier app,4,4.1.0,IE,2026-08-14T06:41:05Z
as_100400,george1997,Top tier app,Top tier app,4,4.1.0,IE,2026-08-14T06:41:05Z
as_100401,tom_m81,Brilliant,"So, ordered greek from Green Bowl on Friday and it arrived in 23 minutes. Big fan 😩",5,4.1.2,FR,2026-08-14T10:44:15Z
as_100402,callum1981,The favourites feature is,The favourites feature is handy. Great app.,4,4.1.2,US,2026-08-14T11:11:44Z
as_100403,josh.f,Top app,Been using PapaEats for 12 months now. Five stars Thx,4,4.1.0,GB,2026-08-14T13:48:36Z
as_100404,keira_c40,FYI friday night kebab,FYI friday night kebab sorted in about 36 minutes. Big fan 😤,5,4.1.2,GB,2026-08-14T18:28:25Z
as_100405,leo1990,"So, Love it. Ordered","So, Love it. Ordered in 30 seconds and teh food came hot.",4,4.1.0,GB,2026-08-14T18:33:05Z
as_100406,emma1991,Five stars,"Quick fried chicken for the match, arrived early. Reordering is two taps 😤",5,4.1.2,GB,2026-08-15T17:50:18Z
as_100407,pierre1998,Quick one: Ordered fried,Quick one: Ordered fried chicken for the whole family last night. Never lets me down Please look into it.,5,4.1.0,IN,2026-08-15T18:39:59Z
as_100408,ella_n16,Love it. Ordered in,Love it. Ordered in 30 seconds and the food came hot.,5,4.1.2,US,2026-08-15T23:23:27Z
as_100409,benx957,Poor service,"Hi, driver left the food at the wrong building. Not impressed Sort it please.",3,4.1.0,DE,2026-08-15T23:55:49Z
as_100410,ethan.l,Random,Works well most of the time.,3,4.1.2,GB,2026-08-16T06:46:53Z
as_100411,hannah_w52,Superb,Customer support sorted my missing item in five minutes. Impressed.,4,4.1.0,GB,2026-08-16T09:07:24Z
as_100412,nina_i29,"Decent app, a bit","Decent app, a bit slow sometimes Sort it please.",3,4.1.0,US,2026-08-16T09:33:56Z
as_100413,dev28,So easy,"Best food delivery app I've used. Fast, easy, and the tracking is great.",4,4.1.2,GB,2026-08-16T10:13:12Z
as_100414,harry702,Superb,ordered pasta for the whole family on friday. would recommend,5,4.1.2,GB,2026-08-16T11:56:21Z
as_100415,max_c52,Just so you know,"Just so you know, easy peasy Love the app otherwise.",5,4.1.0,US,2026-08-17T06:48:23Z
as_100416,yuki1992,Five stars,Delivery was early! Food was hot. Perfect,5,4.1.0,AU,2026-08-17T17:44:02Z
as_100416,yuki1992,Five stars,Delivery was early! Food was hot. Perfect,5,4.1.0,AU,2026-08-17T17:44:02Z
as_100417,arjunx834,Best delivery app,"Hey team, Found Poke Bros on here and it's now our regular. Driver was lovely.",4,4.1.0,US,2026-08-17T20:29:10Z
as_100418,leah.k,Never fails,Quick one: easy peasy.,4,4.1.2,GB,2026-08-17T22:37:30Z
as_100419,meera_l47,So easy,perfect every time !!,4,4.1.0,AU,2026-08-18T00:01:07Z
as_100420,anya.c,Recommended,19 orders in and not a single problem. Great selection round here.,5,4.1.0,CA,2026-08-18T01:57:58Z
as_100421,sofia.j,Been using PapaEats for,"Been using PapaEats for a year, never lets me down 😤",4,4.1.2,GB,2026-08-18T05:17:03Z
as_100422,yasmin1984,So easy,"just so you know, ordered indian for the whole family at lunch. so easy.",4,4.1.2,FR,2026-08-18T13:18:47Z
as_100423,george.w,Top app,23 orders in and not a single problem. Five stars.,4,4.1.0,US,2026-08-18T17:42:09Z
as_100424,meera.p,Love it,Just works. Love the live tracking Thx,5,4.1.2,GB,2026-08-18T19:34:25Z
as_100425,will1983,Taco Loco through this,Taco Loco through this app on Sunday. 18 minutes door to door. So easy Anyone else?,5,4.1.2,IE,2026-08-19T04:51:22Z
as_100426,yasmin_s35,So easy,yum,5,4.1.2,GB,2026-08-19T05:42:03Z
as_100427,islax638,Friday night sushi sorted,Friday night sushi sorted in about 34 minutes. Best delivery app I've used.,5,4.1.2,DE,2026-08-19T10:58:59Z
as_100428,aisha.t,Perfect,Ugh. ordered kebab for the whole family for movie night. Best delivery app I've used 😤,4,4.1.2,ES,2026-08-19T17:52:47Z
as_100429,sara_d72,Five stars,The favourites feature is handy. Great app Cheers.,5,4.1.0,FR,2026-08-19T17:53:41Z
as_100430,ben1989,"Hey team, fantastic service","Hey team, fantastic service, teh driver was lovely and the food was perfect",4,4.1.0,GB,2026-08-19T18:11:03Z
as_100431,sara_d72,Brilliant,yum,4,4.1.2,IE,2026-08-19T19:11:06Z
as_100432,priya_f57,Late again,Second time my order has gone to the wrong address.,3,4.1.2,IN,2026-08-19T21:09:06Z
as_100433,anya1980,Not bad. Wish there,Not bad. Wish there were more restaurants in my area,3,4.1.2,AU,2026-08-19T21:50:32Z
as_100434,leah_c55,Superb,"Quick tacos last night, arrived early. Love it.",5,4.1.0,GB,2026-08-19T23:06:30Z
as_100435,mateo_s73,Perfect every time Love,Perfect every time Love the app otherwise.,5,4.1.2,US,2026-08-20T07:58:43Z
as_100436,pierre_i33,Perfect,Cheaper than the other apps and better restaurants,5,4.1.2,AU,2026-08-20T10:13:09Z
as_100437,george1997,Best delivery app,"Quick burgers at lunch, arrived early. Food was hot. Perfect.",5,4.1.0,ES,2026-08-20T11:44:07Z
as_100438,keira36,"Honestly, the scheduled delivery","Honestly, the scheduled delivery feature is brilliant for office lunches.",5,4.1.2,FR,2026-08-20T12:46:32Z
as_100439,ella_815,Poor service,Driver marked it delivered. It was not delivered. Won't be ordering again.,2,4.1.2,IE,2026-08-20T14:49:14Z
as_100440,ethan250,Brilliant,Ugh. friday night vegan bowls sorted in about 23 minutes. Cheaper than the others too.,5,4.1.0,FR,2026-08-20T16:30:54Z
as_100441,keira_t8,"Hey team, the Pie","Hey team, the Pie Shop through this app on Friday. 32 minutes door to door. Reordering is two taps Thx",5,4.1.2,US,2026-08-20T19:25:29Z
as_100442,pierre_s74,Excellent,FYI Found Sakura on here and it's now our regular. Reordering is two taps.,5,4.1.2,DE,2026-08-21T01:12:31Z
as_100443,yuki1986,10/10 would recommend,10/10 would recommend.,4,4.1.2,DE,2026-08-21T01:40:44Z
as_100444,callum_f61,Superb,"quick thai for the match, arrived early. Driver was lovely.",5,4.1.2,IE,2026-08-21T01:53:51Z
as_100445,ella_h78,Top app,"Hey team, This app has replaced cooking in my house",4,4.1.0,IE,2026-08-21T04:25:15Z
as_100446,chloe_d3,love it,love it,5,4.1.2,ES,2026-08-21T07:23:38Z
as_100447,finn_e28,love it,love it,5,4.1.2,AU,2026-08-21T21:52:50Z
as_100448,tom_d92,Ordered fried chicken for,Ordered fried chicken for the whole family for the match. Big fan.,5,4.1.2,DE,2026-08-22T00:57:15Z
as_100449,noah2000,yum,yum,5,4.1.0,AU,2026-08-22T07:48:55Z
as_100450,emma.k,Recommended,Been using PapaEats for 7 months now. The tracking is spot on Thanks.,5,4.1.0,DE,2026-08-22T07:53:28Z
as_100451,aisha1998,Delivery drivers are always,Delivery drivers are always friendly. Great app,5,4.1.0,FR,2026-08-22T08:07:44Z
as_100452,robx721,So easy,"Five stars, no notes Love the app otherwise.",5,4.1.0,FR,2026-08-22T10:14:55Z
as_100453,mateo_j28,One thing missing,Would love to be able to send a link so friends can add their own items to one order.,5,4.1.2,GB,2026-08-22T13:03:24Z
as_100454,oliver_w10,Works well most of,Works well most of the time !!,3,4.1.2,GB,2026-08-22T15:05:18Z
as_100455,noah2000,ETA said 25 mins,ETA said 25 mins. Took 72. Come on.,1,4.1.2,GB,2026-08-22T22:43:35Z
as_100456,callumx48,Quick question,How do I cancel an order I just placed? Thx,4,4.1.2,GB,2026-08-23T03:25:58Z
as_100457,fatima667,Five stars,Amazing. Thank you.,4,4.1.2,ES,2026-08-23T08:14:10Z
as_100458,hannah.j,Superb,Perfect every time.,4,4.1.2,CA,2026-08-23T16:24:42Z
as_100459,annax296,cheaper than the other,cheaper than the other apps and better restaurants thx,4,4.1.0,GB,2026-08-23T16:41:48Z
as_100460,marcus_g49,Just so you know,"Just so you know, Ordered sushi for the whole family for the match. Simple, fast, reliable",5,4.1.2,IE,2026-08-23T18:05:20Z
as_100461,kenji.p,Brilliant,Ordered thai for the whole family at lunch. Driver was lovely.,5,4.1.2,DE,2026-08-23T18:43:26Z
as_100462,zara_o80,"Honestly, 23 orders in","Honestly, 23 orders in and not a single problem. Food was hot. Perfect.",5,4.1.2,DE,2026-08-24T00:11:11Z
as_100463,adam_183,Best delivery app,Friday night ramen sorted in about 18 minutes. Zero complaints.,5,4.1.2,ES,2026-08-24T06:55:51Z
as_100464,keira_w50,Excellent,So many restaurants near me that I didn't know existed.,5,4.1.2,GB,2026-08-24T08:03:10Z
as_100465,dan_s79,Perfect,This app has replaced cooking in my house Love the app otherwise.,5,4.1.2,IE,2026-08-24T08:45:55Z
as_100466,arjun_n4,Not bad. Wish there,Not bad. Wish there were more restaurants in my area,3,4.1.0,US,2026-08-24T13:10:50Z
as_100467,elena_c31,Ordered vegan bowls from,Ordered vegan bowls from Pho 24 yesterday and it arrived in 30 minutes. Driver was lovely.,4,4.1.0,IE,2026-08-24T13:20:41Z
as_100468,marcus1989,Great app,38 orders in and not a single problem. So easy.,5,4.1.2,CA,2026-08-24T15:38:52Z
as_100468,marcus1989,Great app,38 orders in and not a single problem. So easy.,5,4.1.2,CA,2026-08-24T15:38:52Z
as_100469,dan_j89,Found Pho 24 on,Found Pho 24 on here and it's now our regular. 10/10.,5,4.1.0,FR,2026-08-24T17:36:24Z
as_100470,yuki1986,Never fails,Friday night poke sorted in about 26 minutes. Food was hot. Perfect.,5,4.1.2,IN,2026-08-24T19:09:52Z
as_100471,dan1997,Excellent,Solid app. Does what it says.,5,4.1.2,US,2026-08-25T00:51:54Z
as_100472,sofia.n,Easy peasy,Easy peasy,4,4.1.2,DE,2026-08-25T12:07:47Z
as_100473,kenji_j46,So easy,FYI 22 orders in and not a single problem. Best delivery app I've used.,5,4.1.2,GB,2026-08-26T02:26:14Z
as_100473,kenji_j46,So easy,FYI 22 orders in and not a single problem. Best delivery app I've used.,5,4.1.2,GB,2026-08-26T02:26:14Z
as_100474,yasmin_s35,So easy,Ordered pho from Pho 24 on Friday and it arrived in 21 minutes. Five stars Thx,5,4.1.0,US,2026-08-26T02:28:17Z
as_100475,arjun_j79,Top app,"Quick thai at lunch, arrived early. Zero complaints Cheers.",5,4.1.2,ES,2026-08-26T04:24:31Z
as_100476,jake_v85,Brilliant,"Quick greek for the match, arrived early. 10/10.",5,4.1.2,IE,2026-08-26T05:28:27Z
as_100477,adam.d,36 orders in and,36 orders in and not a single problem. The scheduled delivery thing is genius for the office.,4,4.1.0,US,2026-08-26T08:21:14Z
as_100478,amelia.i,Disappointed,Order was 64 minutes late with no updates.,2,4.1.2,GB,2026-08-26T16:20:06Z
as_100479,hugo_z29,Excellent,28 orders in and not a single problem. Would recommend.,5,4.1.0,ES,2026-08-27T00:49:16Z
as_100480,grace_e8,Love it,"So, Big fan. Please add more restaurants in Leeds though.",5,4.1.0,CA,2026-08-27T01:59:27Z
as_100481,lukas_v8,Help,How do I turn off marketing emails? Love the app otherwise.,4,4.1.2,FR,2026-08-27T02:22:50Z
as_100482,marcus803,Perfect,Istanbul Grill through this app on Friday. 36 minutes door to door. Would recommend.,5,4.1.0,US,2026-08-27T04:09:04Z
as_100483,hugo_h9,Suggestion,other apps let you split payment between cards. Would be great here too.,4,4.1.2,IN,2026-08-27T06:42:40Z
as_100484,rosax494,23 orders in and,23 orders in and not a single problem. The scheduled delivery thing is genius for the office Cheers.,5,4.1.2,US,2026-08-27T07:32:59Z
as_100485,ben1996,!!!,"Make $5000 a week from home, visit bit.ly/2xW9aQ",5,4.1.2,GB,2026-08-27T12:08:19Z
as_100485,ben1996,!!!,"Make $5000 a week from home, visit bit.ly/2xW9aQ",5,4.1.2,GB,2026-08-27T12:08:19Z
as_100486,yuki_l51,Brilliant,Top tier app !!,5,4.1.2,GB,2026-08-27T13:27:55Z
as_100487,omar.i,Question,How do I delete my account?,5,4.1.2,ES,2026-08-27T16:23:35Z
as_100488,yuki_g98,So easy,Ordered poke from Souvlaki Bros last night and it arrived in 18 minutes. Reordering is two taps.,5,4.1.2,IE,2026-08-27T18:38:59Z
as_100489,maya_v33,!!!,First,5,4.1.2,US,2026-08-28T01:20:05Z
as_100490,grace1987,Excellent,So good 😍,5,4.1.2,ES,2026-08-28T07:22:28Z
as_100491,isla1992,Best delivery app,"quick vegan bowls on Sunday, arrived early. Cheaper than the others too",5,4.1.2,ES,2026-08-28T08:49:14Z
as_100492,isla999,Superb,Ordered greek for teh whole family last night. Big fan.,5,4.1.0,GB,2026-08-28T10:13:55Z
as_100493,harry1992,Best delivery app,The app is so smooth. Reordering my usual takes two taps.,4,4.1.0,AU,2026-08-28T21:22:51Z
as_100494,aaron2002,Top app,Solid app. Does what it says.,4,4.1.2,AU,2026-08-29T11:51:25Z
as_100495,hugo1989,Recommended,"Quick pizza for the match, arrived early. The scheduled delivery thing is genius for the office 😤",5,4.1.2,US,2026-08-29T12:37:54Z
as_100496,anna_c35,Five stars,"Fantastic service, the driver was lovely and the food was perfect.",5,4.1.0,FR,2026-08-30T01:17:12Z
as_100497,meera.z,Best delivery app,Delivery was early! Food was hot. Perfect.,5,4.1.0,IN,2026-08-30T04:46:40Z
as_100498,will.k,Poor service,"Hey team, driver marked it delivered. It was not delivered. Come on 😩",2,4.1.2,GB,2026-08-30T06:17:07Z
as_100499,arjun_l40,34 orders in and,34 orders in and not a single problem. Never lets me down.,4,4.1.2,IN,2026-08-30T07:33:25Z
as_100499,arjun_l40,34 orders in and,34 orders in and not a single problem. Never lets me down.,4,4.1.2,IN,2026-08-30T07:33:25Z
as_100500,sara_457,Excellent,found Golden Dragon on here and it's now our regular. Food was hot. Perfect.,5,4.1.0,GB,2026-08-30T10:07:03Z
as_100501,sara1993,Found Pho 24 on,Found Pho 24 on here and it's now our regular. The tracking is spot on.,5,4.1.2,GB,2026-08-30T11:53:47Z
as_100502,ben1996,Better than the big,Better than the big apps for my area. Way more choice.,5,4.1.0,IE,2026-08-30T13:23:50Z
as_100503,nadia1984,Ordered sushi from Sakura,Ordered sushi from Sakura after work and it arrived in 21 minutes. Best delivery app I've used.,4,4.1.2,DE,2026-08-30T14:53:56Z
as_100504,josh2000,FYI 25 orders in,FYI 25 orders in and not a single problem. The scheduled delivery thing is genius for the office.,5,4.1.2,GB,2026-08-30T15:31:18Z
as_100505,dev1996,How do I,Is there a way to schedule an order for tomorrow? 😩,4,4.1.2,US,2026-08-30T16:41:27Z
as_100506,priya_n5,Hmm,My cat sat on my phone and ordered wings. Not a complaint.,4,4.1.2,GB,2026-08-30T17:54:08Z
as_100507,adamx104,So easy,Friday night poke sorted in about 30 minutes. Would recommend.,4,4.1.2,ES,2026-08-30T19:42:44Z
as_100508,arjun_635,Brilliant,friday night fried chicken sorted in about 40 minutes. Keep it up.,5,4.1.2,IE,2026-08-31T01:47:38Z
as_100509,ivy_d62,How do I,How do I change my default address?,4,4.1.0,DE,2026-08-31T08:50:06Z
as_100510,rosa.v,"So, Clean design, easy","So, Clean design, easy to use, food always on time 😩",4,4.2.0,US,2026-08-31T09:31:57Z
as_100511,fatima1988,Order was 69 minutes,Order was 69 minutes late with no updates. Come on.,1,4.2.0,IE,2026-08-31T10:09:20Z
as_100512,anna_f8,Thoughts,3 stars. Delivery fees add up Please look into it.,3,4.2.0,GB,2026-08-31T17:54:32Z
as_100513,tom_p77,Best delivery app,Been using PapaEats for 6 months now. Exactly what a delivery app should be.,5,4.2.0,IE,2026-08-31T18:52:58Z
as_100514,ethan_h45,Superb,"Just so you know, ordered fried chicken for the whole family on Sunday. Zero complaints.",5,4.2.0,GB,2026-08-31T23:17:18Z
as_100515,jake_g53,Nonna's cancelled my order,Nonna's cancelled my order after 30 minutes of waiting. Third time this month 😤,3,4.2.0,IN,2026-09-01T11:29:52Z
as_100516,nadia.t,Disappointed,Wrong order delivered. Got someone's thai instead of my pho.,2,4.2.0,US,2026-09-01T15:11:55Z
as_100517,fatima.o,Poor service,Right. Service fee plus delivery fee plus small order fee. It's getting silly. Come on Sort it please.,3,4.2.0,IN,2026-09-01T15:33:55Z
as_100518,lucia1990,Do better,"Hey team, Mama Rosa sent the wrong dish and nobody answers the chat",1,4.2.0,ES,2026-09-01T17:23:15Z
as_100519,isla_z49,Broken since update,code accepted but no discount??,1,4.2.0,GB,2026-09-01T17:26:42Z
as_100520,leo.m,Recommended,"Fantastic service, teh driver was lovely and the food was perfect",4,4.2.0,DE,2026-09-01T19:26:44Z
as_100521,ravix968,Top app,🔥🔥🔥,4,4.2.0,US,2026-09-01T19:50:26Z
as_100522,sara_o7,Wrong order,"Hey team, driver marked it delivered. It was not delivered.",2,4.2.0,IE,2026-09-01T22:29:42Z
as_100523,josh_783,How do I,Why is the service fee different at different restaurants?,3,4.2.0,ES,2026-09-01T23:06:06Z
as_100524,tom_m81,Thoughts,Works well most of the time.,3,4.2.0,GB,2026-09-02T00:46:59Z
as_100525,jess2004,Superb,Found Sakura on here and it's now our regular. Brilliant.,4,4.2.0,GB,2026-09-02T07:37:29Z
as_100526,jake_z39,"Honestly, fast delivery and","Honestly, fast delivery and the app never crashes. Keep it up.",4,4.2.0,GB,2026-09-02T08:23:30Z
as_100527,theo2005,Would be nice,Still no dark mode in 2026? Come on.,4,4.2.0,AU,2026-09-02T17:01:08Z
as_100528,kai1986,Driver was rude and,Driver was rude and basically threw the bag at the door. Do better.,1,4.2.0,IN,2026-09-02T20:24:07Z
as_100529,dan_d97,Missing items,"Just so you know, missing items, again. Paid for 3, got 2. Come on Cheers.",2,4.2.0,IE,2026-09-02T21:37:51Z
as_100530,priya2001,Recommended,Top tier app,5,4.2.0,US,2026-09-03T00:36:39Z
as_100531,ravi_e63,Food was cold and,Food was cold and the drink was missing. Third time this month.,1,4.2.0,FR,2026-09-03T01:41:48Z
as_100532,mateox480,Delivery was early! Food,Delivery was early! Food was hot. Perfect Sort it please.,5,4.2.0,CA,2026-09-03T01:43:51Z
as_100533,nina1986,"Decent app, a bit","Decent app, a bit slow sometimes.",3,4.2.0,ES,2026-09-03T05:06:14Z
as_100534,kenji_z91,Hmm,Alright. Some restaurants are overpriced on here.,3,4.2.0,US,2026-09-03T09:44:17Z
as_100535,ben1982,So easy,"Clean design, easy to use, food always on time.",5,4.2.0,IE,2026-09-03T10:26:53Z
as_100535,ben1982,So easy,"Clean design, easy to use, food always on time.",5,4.2.0,IE,2026-09-03T10:26:53Z
as_100536,ravi.s,Perfect,quick one: love it. ordered in 30 seconds and the food came hot.,5,4.2.0,US,2026-09-03T13:12:01Z
as_100537,jessx798,Broken,"So, Search doesn't find restaurants I know are on the app. Typing 'sushi' returns pizza places Thx",2,4.2.0,FR,2026-09-03T13:23:58Z
as_100538,emma_b32,Love it,Souvlaki Bros through this app for movie night. 31 minutes door to door. Brilliant,4,4.2.0,ES,2026-09-03T14:28:30Z
as_100539,noah.g,Top app,"Quick burgers at lunch, arrived early. Keep it up.",5,4.2.0,DE,2026-09-03T20:08:22Z
as_100540,oliver1982,Random,meh. it works.,3,4.2.0,FR,2026-09-03T23:14:52Z
as_100541,aisha2001,Poor service,Taco Loco sent the wrong dish and nobody answers the chat. Third time this month.,2,4.2.0,GB,2026-09-03T23:40:48Z
as_100542,chloe_i82,Just so you know,"Just so you know, Quick thai for the match, arrived early. Cheaper than the others too.",5,4.2.0,AU,2026-09-04T01:09:25Z
as_100543,lukas1990,Thoughts,Not bad. Wish there were more restaurants in my area.,3,4.2.0,DE,2026-09-04T03:05:25Z
as_100544,emma.w,Poor service,"So, Food was cold and the drink was missing. Sort it out.",2,4.2.0,GB,2026-09-04T09:20:13Z
as_100545,dan_d12,Five stars,"So, really nice app. Payment is quick and I like the receipts.",5,4.2.0,ES,2026-09-04T13:09:23Z
as_100546,oliver_f58,Do better,Waited 77 minutes then got a 'restaurant is busy' cancellation. Do better.,2,4.2.0,CA,2026-09-04T14:44:43Z
as_100547,maya.n,Update broke it,Right. checkout hangs at 99%. Been like this for a week Anyone else?,1,4.2.0,IN,2026-09-04T15:11:00Z
as_100548,theo_l28,just so you know,"just so you know, quick ramen for the match, arrived early. zero complaints.",5,4.2.0,IN,2026-09-04T18:01:20Z
as_100549,callum_n21,Bug,"wanted to order lunch for the office, checkout failed for everyone on the team. three different phones.",3,4.2.0,US,2026-09-04T18:21:00Z
as_100550,dan_629,"Honestly, Fries were stone","Honestly, Fries were stone cold and the burger was squashed. Not impressed.",3,4.2.0,ES,2026-09-04T20:49:04Z
as_100551,dev_b13,Do better,Right. Waited 47 minutes then got a 'restaurant is busy' cancellation 😤,1,4.2.0,ES,2026-09-04T22:33:09Z
as_100552,kai_190,Great app,Golden Dragon through this app after work. 26 minutes door to door. Great selection round here.,4,4.2.0,US,2026-09-04T23:15:53Z
as_100553,amelia1989,Ordered thai for the,Ordered thai for the whole family on Sunday. Driver was lovely.,5,4.2.0,GB,2026-09-05T03:43:17Z
as_100554,amelia_g79,Love it,Ordered vegan bowls for the whole family for the match. Exactly what a delivery app should be.,5,4.2.0,GB,2026-09-05T04:36:13Z
as_100555,leo_636,Late again,burger Barn cancelled my order after 30 minutes of waiting. Come on.,1,4.2.0,CA,2026-09-05T10:16:49Z
as_100556,mia1998,Hmm,"Ugh. Okay app, delivery fees are a bit high.",3,4.2.0,ES,2026-09-05T16:51:16Z
as_100557,elena1987,Brilliant,26 orders in and not a single problem. Big fan.,5,4.2.0,FR,2026-09-05T17:27:13Z
as_100558,kenji.e,Bug,Right. checkout is broken. Card gets charged but no order confirmation. Twice now.,1,4.2.0,GB,2026-09-05T22:31:00Z
as_100559,grace_c45,Superb,Delivery drivers are always friendly. Great app.,4,4.2.0,GB,2026-09-05T22:36:07Z
as_100560,aisha_m19,Top app,Fast delivery and the app never crashes. Keep it up.,5,4.2.0,ES,2026-09-06T02:34:29Z
as_100561,louis.t,Never fails,Found The Pie Shop on here and it's now our regular. Keep it up !!,5,4.2.0,FR,2026-09-06T04:54:01Z
as_100561,louis.t,Never fails,Found The Pie Shop on here and it's now our regular. Keep it up !!,5,4.2.0,FR,2026-09-06T04:54:01Z
as_100562,ben_z95,Wing Kings cancelled my,Wing Kings cancelled my order after 30 minutes of waiting.,2,4.2.0,IE,2026-09-06T07:48:25Z
as_100563,finn_n26,Wrong order,Nonna's sent teh wrong dish and nobody answers the chat. Sort it out.,2,4.2.0,IE,2026-09-06T21:07:08Z
as_100564,callum_j78,Top app,Great selection of local restaurants. Five stars.,5,4.2.0,GB,2026-09-06T22:34:57Z
as_100565,leo_w17,Quick question,Can I change my order after placing it?,4,4.2.0,US,2026-09-06T22:38:16Z
as_100566,tom1997,Missing items,driver was rude and basically threw the bag at the door. disappointed.,1,4.2.0,GB,2026-09-06T22:56:07Z
as_100567,louis_z42,"Average. Nothing special, nothing","Average. Nothing special, nothing terrible.",3,4.2.0,DE,2026-09-07T03:19:05Z
as_100568,ivy_v66,Found Mama Rosa on,Found Mama Rosa on here and it's now our regular. 10/10,4,4.2.0,US,2026-09-07T04:48:17Z
as_100569,jess1983,Not great,The refund for my missing items took 8 days. Not impressed.,2,4.2.0,GB,2026-09-07T05:12:35Z
as_100570,lukasx257,23 orders in and,23 orders in and not a single problem. Five stars.,4,4.2.0,FR,2026-09-07T09:15:59Z
as_100571,sofiax643,add to basket fine,"add to basket fine, delivery slot fine, then the payment screen just dies. Every. Single. Time.",1,4.2.0,IN,2026-09-07T10:05:00Z
as_100572,ellax967,Perfect,Delivery was early! Food was hot. Perfect.,5,4.2.0,GB,2026-09-07T12:46:13Z
as_100573,tara2002,Doesn't work,"Money taken, no food. Fix your app.",1,4.2.0,DE,2026-09-07T16:00:00Z
as_100574,priya678,Perfect,"Just so you know, great app 👍 Sort it please...",5,4.2.0,US,2026-09-08T05:19:08Z
as_100575,alfie_r80,Help,How do I delete my account? Thx,4,4.2.1,US,2026-09-08T09:31:42Z
as_100576,nadia_e90,So easy,"fantastic service, the driver was lovely and the food was perfect 😩",5,4.2.1,IE,2026-09-08T10:45:48Z
as_100577,camille1994,Quick thai for movie,"Quick thai for movie night, arrived early... Reordering is two taps.",5,4.2.1,CA,2026-09-08T10:57:10Z
as_100578,yasmin.z,Went to pay for,Went to pay for my order and the app crashed back to the home screen. Card was still charged Anyone else?,1,4.2.0,FR,2026-09-08T14:10:00Z
as_100579,ravi1982,Wrong order,"Late, cold, and missing the sauce. Great. Come on Please look into it.",5,4.2.1,IE,2026-09-08T15:44:02Z
as_100580,kenji2002,Late again,Wrong order delivered. Got someone's pizza instead of my vegan bowls. Do better.,1,4.2.0,DE,2026-09-08T19:15:35Z
as_100581,finn_411,Have to try 6,Have to try 6 or 7 times before an order actually goes through now. What happened?,1,4.2.0,IE,2026-09-08T19:44:00Z
as_100582,pierre1998,Do better,Waited 50 minutes then got a 'restaurant is busy' cancellation. Not impressed.,2,4.2.1,DE,2026-09-08T22:16:39Z
as_100583,lukas704,Fix this,Discount code disappears when I change the delivery address.,2,4.2.1,CA,2026-09-08T23:51:30Z
as_100584,will1997,Poor service,Bao House sent the wrong dish and nobody answers the chat. Come on.,2,4.2.1,GB,2026-09-09T04:25:12Z
as_100585,ben2001,Brilliant,Been using PapaEats for 2 months now. Food was hot. Perfect 😤,5,4.2.1,AU,2026-09-09T05:12:55Z
as_100586,elena956,Never fails,Friday night poke sorted in about 23 minutes. Would recommend.,5,4.2.0,GB,2026-09-09T05:22:42Z
as_100587,leah1993,Top app,Customer support sorted my missing item in five minutes. Impressed Cheers.,5,4.2.0,GB,2026-09-09T08:47:51Z
as_100588,lukas2001,Poor service,Food arrived cold. 78 minutes for a 20 minute delivery. Do better.,1,4.2.0,AU,2026-09-09T09:48:14Z
as_100589,jess2004,Perfect,"So, Ordered pasta for teh whole family on Sunday. Best delivery app I've used.",4,4.2.0,GB,2026-09-09T10:26:45Z
as_100590,keira.d,great app 👍,great app 👍,4,4.2.1,DE,2026-09-09T12:36:50Z
as_100591,josh.l,Recommended,The scheduled delivery feature is brilliant for office lunches.,5,4.2.1,GB,2026-09-09T14:46:39Z
as_100592,rob_v6,Brilliant,Ordered pho for the whole family yesterday. Big fan.,5,4.2.0,FR,2026-09-09T18:37:42Z
as_100593,mia_z20,Brilliant,"Honestly, Quick pizza at lunch, arrived early. Keep it up",5,4.2.1,IE,2026-09-09T23:50:07Z
as_100593,mia_z20,Brilliant,"Honestly, Quick pizza at lunch, arrived early. Keep it up",5,4.2.1,IE,2026-09-09T23:50:07Z
as_100594,alfie_r80,Disappointed,Food arrived cold. 94 minutes for a 20 minute delivery.,2,4.2.1,ES,2026-09-10T00:59:36Z
as_100595,zarax241,Never fails,Ordered chinese from The Pie Shop for the match and it arrived in 40 minutes. Never lets me down Cheers.,4,4.2.1,ES,2026-09-10T05:05:33Z
as_100596,keira_753,Missing items,"Hi, delivery took over an hour and the burger was stone cold.",2,4.2.1,GB,2026-09-10T06:59:36Z
as_100597,luciax709,So many restaurants near,So many restaurants near me that I didn't know existed.,4,4.2.1,DE,2026-09-10T09:04:33Z
as_100598,yasmin1999,Curry Leaf through this,Curry Leaf through this app for the match. 21 minutes door to door. Five stars.,5,4.2.1,GB,2026-09-10T12:01:14Z
as_100599,sofia.e,Five stars,🔥🔥🔥,5,4.2.0,FR,2026-09-10T17:59:48Z
as_100600,kenji.f,the place order button,the place order button does nothing anymore?? Please look into it.,2,4.2.0,CA,2026-09-10T22:06:00Z
as_100601,aisha_b23,Recommended,"Ugh... quick poke for the match, arrived early. So easy",5,4.2.1,GB,2026-09-10T22:45:19Z
as_100602,tara.g,Five stars,"Quick sushi on Friday, arrived early. Five stars.",5,4.2.1,US,2026-09-11T08:10:12Z
as_100603,nina_393,Wrong order delivered. Got,Wrong order delivered. Got someone's ramen instead of my tacos Thanks.,1,4.2.1,ES,2026-09-11T09:40:30Z
as_100604,alfie.h,36 orders in and,36 orders in and not a single problem. Cheaper than the others too.,5,4.2.1,CA,2026-09-11T11:31:50Z
as_100605,omar.c,Food arrived cold. 85,Food arrived cold. 85 minutes for a 20 minute delivery. Sort it out.,3,4.2.1,ES,2026-09-11T18:11:50Z
as_100606,tara_l27,Doesn't work,"Great restaurants, but the checkout is broken so what's the point.",2,4.2.1,IE,2026-09-11T19:27:00Z
as_100607,meera2002,Love it,Quick one: This app has replaced cooking in my house Please look into it...,5,4.2.0,GB,2026-09-11T22:26:30Z
as_100608,alfie1997,Payment issue,Day 6 of not being able to checkout. Going back to the other app Anyone else?,2,4.2.0,GB,2026-09-11T22:37:00Z
as_100609,yasmin_c24,Never fails,"Absolutely brilliant. Ordered at 7, ate at 7:25.",4,4.2.1,FR,2026-09-11T22:57:06Z
as_100609,yasmin_c24,Never fails,"Absolutely brilliant. Ordered at 7, ate at 7:25.",4,4.2.1,FR,2026-09-11T22:57:06Z
as_100610,nadia_k95,Wrong order,Fries were cold and the burger was squashed. Disappointed,2,4.2.0,DE,2026-09-11T23:56:57Z
as_100611,lucia.n,Hey,gggggg,5,4.2.1,ES,2026-09-12T00:20:51Z
as_100612,kai.p,Been using PapaEats for,"Been using PapaEats for 8 months now. Simple, fast, reliable.",5,4.2.1,AU,2026-09-12T07:21:13Z
as_100613,yasmin_j44,Quick one: Order was,Quick one: Order was 77 minutes late with no updates. Not impressed.,3,4.2.1,GB,2026-09-12T07:50:20Z
as_100613,yasmin_j44,Quick one: Order was,Quick one: Order was 77 minutes late with no updates. Not impressed.,3,4.2.1,GB,2026-09-12T07:50:20Z
as_100614,sofia_427,Do better,Food was cold and the drink was missing. Refund please Love the app otherwise.,1,4.2.1,GB,2026-09-12T13:54:36Z
as_100615,yasmin.d,Disappointed,"Hi, Second time my order has gone to the wrong address. Refund please.",2,4.2.0,DE,2026-09-12T15:56:40Z
as_100615,yasmin.d,Disappointed,"Hi, Second time my order has gone to the wrong address. Refund please.",2,4.2.0,DE,2026-09-12T15:56:40Z
as_100616,kai_s44,"Hey team, Delivery took","Hey team, Delivery took over an hour and the wings was freezing. Sort it out Please look into it.",1,4.2.0,ES,2026-09-12T18:11:54Z
as_100617,meerax300,Been using PapaEats for,Been using PapaEats for 3 months now. Brilliant.,5,4.2.1,ES,2026-09-12T18:13:17Z
as_100618,josh_i30,Food arrived cold. 93,Food arrived cold. 93 minutes for a 20 minute delivery.,2,4.2.1,IN,2026-09-12T19:37:51Z
as_100619,max_c12,Disappointed,Delivery took over an hour and the curry was stone cold.,3,4.2.1,US,2026-09-12T20:31:16Z
as_100619,max_c12,Disappointed,Delivery took over an hour and the curry was stone cold.,3,4.2.1,US,2026-09-12T20:31:16Z
as_100620,chloe1988,Excellent,Ugh. really nice app. Payment is quick and I like the receipts.,5,4.2.1,GB,2026-09-12T22:49:02Z
as_100621,luke53,Cold food,"Hey team, Delivery took over an hour and the noodles was cold. Come on Thx",1,4.2.1,GB,2026-09-13T09:42:39Z
as_100622,devx888,Can't order,"Honestly, google Pay says approved then the app says failed. Which one is it?",1,4.2.1,GB,2026-09-13T10:50:00Z
as_100623,ivy_c40,Late again,Fries were soggy and the burger was squashed. Come on Thx,1,4.2.0,US,2026-09-13T16:13:51Z
as_100624,dev_s5,10/10 would recommend,10/10 would recommend...,4,4.2.1,IE,2026-09-13T18:48:26Z
as_100625,alfie2000,Please fix,Order confirmation never arrives but the money is gone. This started with the new version.,1,4.2.0,FR,2026-09-13T19:43:00Z
