reviewId,userName,content,score,thumbsUpCount,appVersion,at
gp_4248273252,Kenji R.,Not bad. Wish there were more restaurants in my area,3,3,4.0.3,17/06/2026 05:26
gp_9419350566,meerax300,Been using PapaEats for 3 months now. So easy.,5,1,4.0.4,12/07/2026 04:00
gp_3614196694,tara.g,Mama Rosa sent the wrong dish and nobody answers the chat... Come on.,3,2,4.0.4,10/07/2026 09:43
gp_7755217432,Ellax L.,great app 👍 Thanks.,5,3,4.1.2,25/07/2026 07:50
gp_2006280638,Sam B.,Can we get a way to split the cost with the people I'm ordering with? Anyone else?,5,7,4.1.2,29/07/2026 19:35
gp_5833445437,ben1984,Ordered pizza for the whole family on Sunday. Keep it up.,4,7,4.1.2,05/08/2026 02:05
gp_9963313827,finnx254,The reorder button is genius.,5,7,4.0.4,18/06/2026 16:02
gp_8082981855,Pierre W.,Order was 49 minutes late with no updates. Won't be ordering again.,2,1,4.1.0,05/08/2026 13:18
gp_8941609261,amelia496,"clean design, easy to use, food always on time.",5,2,4.0.4,03/07/2026 00:24
gp_2070625615,dan_z78,Friday night pasta sorted in about 28 minutes. Exactly what a delivery app should be Cheers.,4,0,4.1.2,10/08/2026 05:29
gp_3700787026,layla1992,solid app... Does what it says.,4,0,4.0.4,25/06/2026 08:44
gp_6234892196,Yasmin O.,The scheduled delivery feature is brilliant for office lunches.,5,0,4.1.0,18/08/2026 03:39
gp_8343150902,hugo1990,"Quick kebab for movie night, arrived early. So easy Sort it please.",5,15,4.0.4,06/07/2026 14:19
gp_7031871653,George A.,friday night kebab sorted in about 36 minutes. food was hot. perfect.,5,0,4.1.2,27/08/2026 01:35
gp_4127113875,tara.l,Quick one: ordered greek for the whole family yesterday. The scheduled delivery thing is genius for the office Thx,5,0,4.1.2,05/08/2026 20:39
gp_2367360047,sara1988,Why is petrol so expensive lol,4,3,4.1.2,25/07/2026 20:39
gp_5649242035,Tara I.,Quick one: been using PapaEats for 3 months now. Love it.,5,15,4.1.0,03/08/2026 00:35
gp_2993144653,Leah L.,Delivery was early! Food was hot. Perfect.,4,0,4.2.0,06/09/2026 17:55
gp_5016198310,grace.t,Ugh. ordered greek from Mama Rosa for movie night and it arrived in 36 minutes. Cheaper than the others too.,4,0,4.2.0,11/09/2026 06:02
gp_5431104889,Lucia F.,My go-to app for Friday night takeaways 🍕,5,0,4.0.4,14/07/2026 17:48
gp_9454839930,sofia_b52,"Five stars, no notes Please look into it.",4,0,4.1.2,03/08/2026 08:00
gp_9993177343,Freya R.,"Just so you know, Big fan. Please add more restaurants in Leeds though.",5,0,4.0.4,02/07/2026 19:27
gp_2891793351,Rob L.,🔥🔥🔥,5,3,4.0.4,17/07/2026 21:20
gp_9782362852,alfie_v19,"Quick vegan bowls on Friday, arrived early. Big fan.",5,0,4.0.4,17/07/2026 01:40
gp_4974956958,Lukas K.,"Ugh. Five stars, no notes Sort it please.",5,7,4.0.4,08/07/2026 09:20
gp_8526634258,keira_k11,.,3,0,4.0.4,24/06/2026 15:12
gp_2818307344,sofia_b52,"Quick, reliable, great support when something goes wrong Sort it please.",4,0,4.0.4,30/06/2026 20:09
gp_7482629436,theo_i30,"Decent app, a bit slow sometimes !!",3,15,4.0.4,07/07/2026 06:25
gp_6112355155,ella_n16,It's fine. Does the job 😤,3,1,4.1.2,17/08/2026 15:16
gp_1879517836,Anna O.,Any chance of a shared cart? We order for the whole office every Friday 😩,4,1,4.2.0,06/09/2026 14:25
gp_6558986881,George E.,Found Burger Barn on here and it's now our regular. Driver was lovely.,5,0,4.2.0,02/09/2026 13:28
gp_9625522564,hugo1990,20 orders in and not a single problem. Exactly what a delivery app should be.,5,0,4.0.4,19/07/2026 02:38
gp_2393727379,alfiex449,Found Wing Kings on here and it's now our regular. So easy.,5,0,4.1.0,21/07/2026 21:09
gp_1726455011,alfie_d69,Can I order for pickup instead of delivery?,5,2,4.1.0,26/08/2026 03:06
gp_2324653985,Hannah E.,The app force closes immediately on my Pixel.,3,15,4.2.1,13/09/2026 05:39
gp_6372734694,amara_o23,So many restaurants near me that I didn't know existed.,4,0,4.0.3,09/07/2026 04:58
gp_9888514379,keira1990,29 orders in and not a single problem. Big fan Sort it please.,5,7,4.1.2,30/08/2026 19:08
gp_7988504387,arjun1984,Quick one: found Curry Leaf on here and it's now our regular. Brilliant.,5,0,4.1.2,25/08/2026 18:53
gp_6244358193,Layla V.,found Bao House on here and it's now our regular. Zero complaints,5,0,4.0.3,15/06/2026 19:07
gp_5171336708,hannah1997,Found Burger Barn on here and it's now our regular. Never lets me down.,4,3,4.0.3,23/06/2026 22:03
gp_4048359018,elena_n40,"Honestly, Amazing. Thank you.",5,3,4.1.2,09/08/2026 06:39
gp_9135705579,will.c,"Easy to use even for my mum, which says a lot",5,15,4.0.3,19/07/2026 00:36
gp_2940497840,Arjun F.,"So, quick, reliable, great support when something goes wrong.",5,3,4.2.0,11/09/2026 15:27
gp_5738967614,callumx610,"Quick vegan bowls on Friday, arrived early. Love it.",4,2,4.0.3,26/06/2026 08:51
gp_2622773830,ravi.f,Love this app but the new version won't let me pay. my partner's phone is still on the old version and it works fine there.,5,4,4.2.1,08/09/2026 15:26
gp_3181276317,tara_983,been using PapaEats for 11 months now... So easy,4,2,4.0.3,19/07/2026 04:06
gp_8121356705,Isla W.,Ordered indian for the whole family after work. Keep it up.,5,0,4.0.3,16/06/2026 17:39
gp_9297134758,Marcus J.,"Okay app, delivery fees are a bit high !!",3,7,4.0.4,16/06/2026 14:31
gp_1418003917,Josh N.,Ordered kebab for the whole family yesterday. Big fan.,4,7,4.0.3,15/06/2026 03:31
gp_1291121224,Hannah R.,Ordered thai from Mama Rosa last night and it arrived in 36 minutes. Keep it up.,5,0,4.0.4,17/07/2026 15:05
gp_2923359826,anya1980,Can I pay with PayPal?,4,0,4.1.2,02/08/2026 12:17
gp_9804598429,camille.l,30 orders in and not a single problem. Exactly what a delivery app should be.,5,0,4.2.1,09/09/2026 20:04
gp_9459073107,layla70,"So, Perfect every time.",5,15,4.1.2,05/08/2026 05:17
gp_7524823104,keira485,friday night fried chicken sorted in about 40 minutes. keep it up.,4,2,4.2.0,06/09/2026 11:20
gp_8985185660,Diego J.,Is there a family account option? 😤,3,2,4.1.0,20/08/2026 03:45
gp_4825606167,mateo.l,"Just so you know, Second time my order has gone to the wrong address. Disappointed.",3,0,4.2.1,13/09/2026 00:00
gp_5738967614,callumx610,"Quick vegan bowls on Friday, arrived early. Love it.",4,2,4.0.3,26/06/2026 08:51
gp_5580874423,Oliver T.,Really nice app. Payment is quick and I like the receipts Cheers.,5,0,4.0.3,19/06/2026 08:19
gp_6103578149,Oliver D.,Been using PapaEats for 6 months now. Five stars Thanks.,4,2,4.0.3,04/07/2026 19:13
gp_4406804308,hannah_m46,Ordered greek for the whole family last night. Brilliant Please look into it.,5,0,4.2.0,07/09/2026 00:33
gp_6032863194,lucia.f,Istanbul Grill through this app on Sunday. 40 minutes door to door. Keep it up.,5,0,4.1.0,25/08/2026 12:54
gp_5832761917,Meera Z.,Wrong order delivered. Got someone's fried chicken instead of my greek. Won't be ordering again.,2,2,4.2.0,02/09/2026 17:57
gp_3281679094,tom_m81,"Quick greek on Friday, arrived early. Exactly what a delivery app should be Cheers.",5,7,4.1.2,22/07/2026 11:08
gp_1835091119,sarax899,Map tracking doesn't update. ETA said 5 mins for half an hour.,2,3,4.2.0,06/09/2026 23:41
gp_7531946428,Leah A.,Friday night greek sorted in about 34 minutes. Brilliant.,5,2,4.0.3,02/07/2026 07:54
gp_9062787787,josh.p,Friday night tacos sorted in about 33 minutes. Driver was lovely.,5,0,4.1.2,22/07/2026 03:46
gp_6610223772,ella_b89,Not sure if anyone reads these but poke Bros through this app last night. 21 minutes door to door. Exactly what a delivery app should be Thx,5,2,4.1.0,21/08/2026 22:51
gp_7648591997,priya1980,Great selection of local restaurants. Five stars.,4,0,4.0.4,25/06/2026 16:20
gp_4266879426,ethan.e,great app 👍,5,3,4.1.0,30/08/2026 23:52
gp_1798020960,priya_b44,Order was 91 minutes late with no updates. Not impressed.,1,0,4.1.2,15/08/2026 21:52
gp_2384895198,isla_o13,"Been using PapaEats for a year, never lets me down Please look into it.",5,15,4.1.2,27/08/2026 13:40
gp_3392699489,Jake O.,ETA said 25 mins. Took 51,1,15,4.0.3,12/07/2026 08:25
gp_9380859857,sofia_280,my go-to app for Friday night takeaways 🍕,5,3,4.0.3,10/07/2026 19:00
gp_2777100457,Pierre P.,34 orders in and not a single problem. Never lets me down,5,15,4.1.2,31/07/2026 21:06
gp_4710637160,jess1983,friday night pasta sorted in about 40 minutes. Brilliant.,5,0,4.0.3,19/07/2026 09:33
gp_9986530535,Anna F.,Been using PapaEats for 10 months now. Best delivery app I've used.,5,1,4.1.2,28/08/2026 01:05
gp_6524459537,grace_k31,Found Wing Kings on here and it's now our regular. 10/10,5,3,4.1.2,21/07/2026 03:44
gp_1306843570,gary_the_great,Why did you change the icon colour? Nobody asked for this.,1,0,4.1.0,14/08/2026 09:00
gp_2601445701,finn1982,friday night vegan bowls sorted in about 38 minutes. 10/10 Please look into it.,5,0,4.1.2,19/08/2026 13:36
gp_7324442833,theo.k,Ordered pho for the whole family on Sunday. Keep it up,4,0,4.2.0,12/09/2026 23:52
gp_2131223658,joshx299,Mama Rosa through this app last night. 32 minutes door to door. Keep it up,5,7,4.2.0,04/09/2026 12:59
gp_5529105757,ivy.a,Big fan. Please add more restaurants in Leeds though.,5,15,4.0.3,03/07/2026 14:15
gp_9610867380,Priya W.,How do I contact the driver?,4,2,4.0.3,18/06/2026 04:45
gp_6132666951,lucia.j,Friday night pho sorted in about 32 minutes. Five stars.,5,2,4.0.3,11/07/2026 07:23
gp_4015644253,luke_o46,So good 😍 !!,5,15,4.1.0,12/08/2026 14:40
gp_5753486110,louis_h54,10/10 would recommend !!,5,1,4.1.2,31/07/2026 03:12
gp_9799058406,will_w86,"Easy to use even for my mum, which says a lot.",4,7,4.2.1,08/09/2026 19:31
gp_6621706904,Noah H.,"Not sure if anyone reads these but Quick poke for the match, arrived early. The tracking is spot on Love the app otherwise.",5,0,4.2.0,03/09/2026 22:38
gp_2511409406,sofia_h10,Ordered indian from The Pie Shop for the match and it arrived in 24 minutes. Big fan.,5,3,4.2.0,06/09/2026 12:50
gp_2261277691,louis_l71,This app has replaced cooking in my house Anyone else?,5,0,4.1.0,01/08/2026 06:14
gp_9659259570,Camille L.,"hi, ordered pho for the whole family for the match. five stars.",5,0,4.0.4,17/06/2026 18:33
gp_9597806535,maya_r6,.,1,7,4.0.3,10/07/2026 20:04
gp_5050186098,ravi1994,Why is the service fee different at different restaurants?,5,7,4.1.2,24/07/2026 16:38
gp_1318851833,Grace Z.,Food arrived cold. 91 minutes for a 20 minute delivery. Come on Please look into it.,3,1,4.2.0,12/09/2026 11:50
gp_7201050925,luke1987,Big fan. Please add more restaurants in Leeds though.,4,2,4.1.2,10/08/2026 00:41
gp_4740176476,jess.g,Better than the big apps for my area. Way more choice.,5,3,4.1.2,02/08/2026 03:23
gp_5443943086,freya_w95,"Just so you know, just works. Love the live tracking.",5,15,4.1.2,14/08/2026 00:00
gp_2166907164,kenji_r74,Ordered sushi for the whole family yesterday. So easy.,5,15,4.1.2,20/08/2026 21:51
gp_7901804302,diego.l,"So, Quick kebab at lunch, arrived early. Reordering is two taps.",5,3,4.1.2,26/08/2026 00:28
gp_5407871473,george.e,"hi, customer support sorted my missing item in five minutes. impressed.",4,1,4.2.0,07/09/2026 01:38
gp_7690338829,Aaron R.,Food arrived cold. 89 minutes for a 20 minute delivery. Come on.,1,3,4.1.2,14/08/2026 23:19
gp_3532927334,max1986,Just works. Love the live tracking.,5,1,4.1.0,22/07/2026 21:04
gp_6351830451,Mateo K.,Cheaper than the other apps and better restaurants.,5,0,4.1.0,06/08/2026 03:23
gp_2902865667,callum_939,"Honestly, Found Istanbul Grill on here and it's now our regular. Brilliant.",4,7,4.1.2,31/07/2026 14:07
gp_5060606580,Marcus H.,yum 😩,5,7,4.1.0,01/08/2026 18:45
gp_7441257687,anna_z1,"Easy to use even for my mum, which says a lot.",5,0,4.1.2,26/07/2026 20:15
gp_8204133377,sofia1980,"Hi, quick, reliable, great support when something goes wrong.",5,7,4.0.4,01/07/2026 01:54
gp_5624467774,will_s56,Ordered kebab for the whole family yesterday. Best delivery app I've used Sort it please.,5,0,4.0.4,30/06/2026 19:00
gp_7733502888,Elena S.,been using PapaEats for 6 months now. Would recommend.,5,2,4.0.3,17/06/2026 23:09
gp_9229788024,will_z7,works well most of the time,3,1,4.1.2,31/08/2026 01:02
gp_5946783290,Freyax V.,"average. Nothing special, nothing terrible.",3,2,4.0.3,03/07/2026 16:54
gp_6498986017,yasmin_i13,"So, so many restaurants near me that I didn't know existed !!",5,0,4.1.2,16/08/2026 19:56
gp_1827168664,dan_125,Right. great selection of local restaurants. Five stars.,5,0,4.0.4,19/07/2026 04:21
gp_7101118940,finn2002,Ordered fried chicken for the whole family last night... Driver was lovely.,5,0,4.0.3,05/07/2026 01:05
gp_3786787479,isla_n62,Ugh. fries were lukewarm and the burger was squashed. Third time this month.,2,0,4.0.4,12/07/2026 06:46
gp_3719583982,emma1989,The scheduled delivery feature is brilliant for office lunches,5,3,4.0.3,27/06/2026 00:10
gp_3893210660,Layla L.,'Something went wrong' at checkout. Every time. Since the update,1,22,4.2.0,06/09/2026 11:26
gp_6804958693,Finn W.,Best crypto signals free telegram @foodcoin,5,3,4.1.0,04/08/2026 09:40
gp_6668356021,yasmin.d,"Best food delivery app I've used. Fast, easy, and the tracking is great.",5,7,4.0.4,08/07/2026 10:22
gp_1036608063,anna2005,The app is so smooth. Reordering my usual takes two taps Anyone else?,4,7,4.0.3,07/07/2026 04:11
gp_3072891660,rosax598,Not sure if anyone reads these but Order was 89 minutes late with no updates. Come on,2,0,4.0.3,20/06/2026 13:38
gp_9890809544,tarax787,"Late, cold, and missing the sauce. Great.",2,3,4.1.2,25/08/2026 17:24
gp_2724812629,Lukas H.,Ordered vegan bowls for the whole family for the match. Food was hot. Perfect.,5,0,4.1.0,17/08/2026 12:05
gp_8968677152,callum_f10,fast delivery and the app never crashes. keep it up.,4,0,4.2.0,03/09/2026 15:24
gp_2201861743,Ben H.,The favourites feature is handy... Great app.,5,15,4.1.0,24/08/2026 15:19
gp_6506240251,gary_the_great,Day 4 of asking for the red icon back.,1,3,4.1.2,19/08/2026 09:00
gp_1955466961,Dan D.,"Just so you know, absolutely brilliant. Ordered at 7, ate at 7:25",5,0,4.0.4,07/07/2026 06:13
gp_8450355695,rob_v6,second time my order has gone to the wrong address. won't be ordering again.,2,0,4.2.0,11/09/2026 15:10
gp_2979614961,Hannah W.,Taco Loco through this app after work. 37 minutes door to door. Would recommend Love the app otherwise.,4,0,4.0.4,11/07/2026 07:30
gp_5659083075,Mia E.,Been using PapaEats for 12 months now. Five stars.,4,2,4.0.4,25/06/2026 19:30
gp_4327734952,lucia.c,"Quick pizza last night, arrived early. Brilliant 😩",5,0,4.1.2,30/08/2026 04:13
gp_9641580459,Zara Z.,so many restaurants near me that I didn't know existed Love the app otherwise.,5,1,4.2.1,12/09/2026 09:28
gp_5756673603,Arjun L.,Ordered poke from Sakura yesterday and it arrived in 22 minutes... Driver was lovely.,4,0,4.0.3,17/07/2026 01:42
gp_6787497872,callumx610,"Quick one: Quick tacos for the match, arrived early. The tracking is spot on Cheers.",5,3,4.0.4,05/07/2026 03:37
gp_5357535020,Louis L.,"So, 10/10 would recommend",5,0,4.1.0,17/08/2026 19:03
gp_6384337298,dan_629,36 orders in and not a single problem... Driver was lovely Please look into it.,4,1,4.1.2,28/07/2026 05:33
gp_3104931479,Keira K.,"Honestly, This app has replaced cooking in my house Sort it please.",4,0,4.0.3,30/06/2026 14:02
gp_6142546170,mateo_s49,So many restaurants near me that I didn't know existed.,5,15,4.1.2,16/08/2026 09:01
gp_5313240729,yasmin1999,"Been using PapaEats for a year, never lets me down.",4,0,4.0.4,17/07/2026 06:26
gp_2314844703,lucia619,The reorder button is genius.,4,3,4.0.3,12/07/2026 22:56
gp_8506545042,Leah W.,driver was rude and basically threw the bag at the door. Not impressed 😤,3,15,4.2.1,12/09/2026 01:16
gp_4668190456,anya_p96,"Quick indian for the match, arrived early. Five stars.",5,3,4.0.3,24/06/2026 18:10
gp_8999097516,Sam I.,"Clean design, easy to use, food always on time.",5,1,4.0.4,17/07/2026 10:41
gp_3979810096,will_b34,10/10 would recommend,5,1,4.1.2,03/08/2026 18:14
gp_4460341109,aaron_m65,Been using PapaEats for 12 months now. Food was hot. Perfect Sort it please.,5,0,4.1.2,24/08/2026 13:33
gp_4833049167,Ella M.,Friday night indian sorted in about 40 minutes. Driver was lovely Love the app otherwise.,5,3,4.1.0,19/08/2026 13:10
gp_7601420330,sam1996,"Been using PapaEats for a year, never lets me down",5,0,4.0.4,30/06/2026 03:15
gp_8956787938,ninax652,The scheduled delivery feature is brilliant for office lunches.,5,7,4.0.3,06/07/2026 17:32
gp_9237881150,aisha.k,"So, So good 😍 Cheers.",5,2,4.0.3,13/07/2026 01:16
gp_7472708864,tom_n35,Good enough !!,3,0,4.0.4,29/06/2026 16:09
gp_3415586489,oliver_h54,Right. the app is so smooth. Reordering my usual takes two taps,5,15,4.1.0,01/08/2026 19:16
gp_2214131980,Rosax K.,Ordered pizza for the whole family on Sunday. Keep it up.,4,15,4.0.3,06/07/2026 10:25
gp_5270260941,omar_735,"Honestly, quick, reliable, great support when something goes wrong.",5,7,4.1.2,09/08/2026 22:41
gp_5111366466,tom415,"Quick, reliable, great support when something goes wrong.",4,0,4.0.4,23/06/2026 02:27
gp_6908504342,fatima_l70,"Right. Quick burgers for movie night, arrived early. Great selection round here.",5,3,4.0.4,30/06/2026 07:49
gp_3856763483,zara1998,Promo code WELCOME20 says applied but the discount isn't taken off the total.,2,15,4.2.0,06/09/2026 14:41
gp_8854432785,Louis I.,"Just so you know, so many restaurants near me that I didn't know existed !!",5,0,4.1.2,28/08/2026 07:11
gp_6325655734,layla1992,FYI big fan. Please add more restaurants in Leeds though.,5,3,4.2.1,09/09/2026 08:47
gp_7348816268,Luke O.,The refund for my missing items took 8 days.,1,2,4.1.0,22/08/2026 07:46
gp_7288299446,mateo1998,"Hi, the promo codes are generous and actually work for me.",4,7,4.2.0,31/08/2026 13:38
gp_6666504835,ethan_l78,driver left the food at the wrong building. sort it out 😩,1,15,4.2.0,05/09/2026 22:44
gp_8691227760,hannah_556,Found Pho 24 on here and it's now our regular. 10/10.,5,0,4.1.2,01/08/2026 01:28
gp_2812698805,gary_the_great,Orange icon looks like a traffic cone. Please change it.,1,1,4.1.2,19/08/2026 09:00
gp_7073973467,Rob L.,"love the app, just wish we could split payment",5,0,4.0.4,08/07/2026 01:29
gp_4498701485,Zara E.,Not sure if anyone reads these but been using PapaEats for 14 months now. Never lets me down Anyone else?,5,2,4.0.4,03/07/2026 21:17
gp_2952399654,dan1997,Not sure if anyone reads these but great app 👍 😩,5,15,4.1.2,20/08/2026 10:04
gp_3108517246,theo_i30,"honestly, the refund for my missing items took 8 days.",1,2,4.2.1,13/09/2026 18:53
gp_4049148840,lucia1995,Friday night indian sorted in about 26 minutes. Love it.,5,0,4.0.4,02/07/2026 08:30
gp_2810026529,Ravi C.,Not sure if anyone reads these but won't open at all on my samsung,1,1,4.2.1,11/09/2026 21:58
gp_2704504090,kai_m67,been using papaeats for 10 months now. keep it up thx,4,0,4.1.2,20/07/2026 04:43
gp_2821610653,max1999,Ugh. been using PapaEats for 4 months now. Cheaper than the others too 😩,5,0,4.0.3,24/06/2026 00:57
gp_7528442699,kai.r,Found Green Bowl on here and it's now our regular. Never lets me down.,5,0,4.0.4,29/06/2026 14:16
gp_1226358600,Mia P.,Not sure if anyone reads these but the app is so smooth. Reordering my usual takes two taps.,4,0,4.0.4,25/06/2026 13:10
gp_4717669398,zara1997,pho 24 through this app for the match. 35 minutes door to door. cheaper than the others too,5,2,4.2.0,31/08/2026 22:20
gp_7124347457,arjunx308,Second time my order has gone to the wrong address. Do better.,2,0,4.1.2,27/08/2026 08:22
gp_7248205931,omar_f37,food was cold and the drink was missing. Sort it out.,1,2,4.0.3,02/07/2026 06:44
gp_6622452518,will.h,"Ordered indian from Mama Rosa yesterday and it arrived in 28 minutes. Simple, fast, reliable.",5,0,4.1.2,02/08/2026 21:42
gp_6138063256,lucia.a,Found Pho 24 on here and it's now our regular. Would recommend.,5,0,4.0.4,13/07/2026 06:39
gp_7215945939,nina_b86,yum !!,5,0,4.1.0,18/08/2026 10:45
gp_1609558051,lukas1983,"Hi, delivery drivers are always friendly. Great app Anyone else?",4,0,4.1.0,22/08/2026 19:23
gp_1082281707,rosax899,ordered tacos from pho 24 for the match and it arrived in 26 minutes. the scheduled delivery thing is genius for the office.,5,0,4.0.4,12/07/2026 06:17
gp_6694399980,mateo_s73,"quick, reliable, great support when something goes wrong",4,2,4.1.0,18/08/2026 13:42
gp_5084363944,meera.c,Cheaper than the other apps and better restaurants.,5,0,4.1.2,20/07/2026 23:12
gp_1175601071,nina1995,Ordered kebab from The Pie Shop on Friday and it arrived in 21 minutes. So easy.,5,0,4.0.3,05/07/2026 18:26
gp_6281695786,freyax368,"Missing items, again. Paid for 3, got 2. Refund please Thanks.",1,15,4.0.3,04/07/2026 22:21
gp_1848279825,will_d54,Right. The refund for my missing items took 8 days. Disappointed.,3,1,4.2.0,04/09/2026 00:44
gp_4703254947,ben1985,Big fan. Please add more restaurants in Leeds though.,5,2,4.2.0,04/09/2026 19:21
gp_9801591774,callum_t56,"Hey team, yum Thanks.",5,15,4.1.2,28/07/2026 01:23
gp_8905031350,oliver.w,Quick one: the reorder button is genius.,5,0,4.0.4,11/07/2026 10:23
gp_3286740804,callum_n6,"Friday night fried chicken sorted in about 39 minutes. Simple, fast, reliable.",5,3,4.1.2,20/07/2026 22:45
gp_2721845485,Dan B.,Ordered pasta for the whole family on Sunday. Reordering is two taps Thanks.,4,7,4.1.0,25/07/2026 20:42
gp_6564891231,Diego H.,The Pie Shop through this app for the match. 23 minutes door to door. Best delivery app I've used Please look into it.,4,1,4.1.0,28/07/2026 06:04
gp_7152329891,Nadia F.,"Quick vegan bowls on Sunday, arrived early. Driver was lovely Please look into it.",5,0,4.2.1,11/09/2026 11:09
gp_6946068612,chloe_z81,"Found Taco Loco on here and it's now our regular. Simple, fast, reliable.",5,2,4.1.2,01/08/2026 16:17
gp_8652210596,josh324,"Ordered sushi for the whole family after work. Simple, fast, reliable.",5,7,4.0.4,21/06/2026 17:34
gp_6039787621,yuki39,"Quick, reliable, great support when something goes wrong.",5,0,4.1.2,21/07/2026 14:38
gp_9545663579,Kenji E.,Do you have a loyalty scheme?,5,7,4.1.2,08/08/2026 22:57
gp_9880633279,aaron1986,"Just so you know, delivery was early! Food was hot. Perfect Thx",5,0,4.0.3,06/07/2026 03:09
gp_9555855142,lucia449,yum,5,0,4.0.3,27/06/2026 12:22
gp_4246778219,hugo_l79,"Just so you know, Found Burger Barn on here and it's now our regular. Reordering is two taps.",5,3,4.0.3,11/07/2026 07:46
gp_2847472162,Priya W.,Ugh. The reorder button is genius.,4,2,4.1.0,12/08/2026 00:15
gp_5545104616,Isla O.,Driver was rude and basically threw teh bag at the door.,1,0,4.2.0,06/09/2026 02:18
gp_5351850734,george1996,Ordered kebab from Istanbul Grill for the match and it arrived in 25 minutes. Keep it up.,4,0,4.1.0,04/08/2026 19:13
gp_3090316731,alfie_p98,The reorder button is genius.,4,0,4.0.3,17/06/2026 18:15
gp_4024758327,isla235,"So, found Istanbul Grill on here and it's now our regular. Love it.",4,0,4.1.2,30/07/2026 07:09
gp_5347775122,keira_t8,Love it. Ordered in 30 seconds and the food came hot.,4,0,4.1.2,29/07/2026 17:29
gp_8132340947,nadia_o57,Quick one: Been using PapaEats for 14 months now. Cheaper than the others too.,5,15,4.0.3,24/06/2026 15:14
gp_6257543141,dan1990,"Honestly, fantastic service, the driver was lovely and the food was perfect 😩",5,0,4.1.2,29/07/2026 19:17
gp_9346390753,alfie1995,Can I tip after delivery? !!,4,2,4.0.3,24/06/2026 11:33
gp_5542722887,sofia_b52,love it,5,0,4.1.2,29/08/2026 17:27
gp_7288299446,mateo1998,"Hi, the promo codes are generous and actually work for me.",4,7,4.2.0,31/08/2026 13:38
gp_9922540286,Aisha N.,Ugh. 21 orders in and not a single problem. The scheduled delivery thing is genius for the office Anyone else?,5,15,4.0.4,23/06/2026 21:44
gp_6583069332,louis_g53,Curry Leaf through this app after work. 22 minutes door to door. 10/10 Cheers.,5,15,4.1.0,23/08/2026 14:06
gp_1164504900,lucia_f83,"Ordered thai from Bao House yesterday and it arrived in 24 minutes. Simple, fast, reliable.",4,0,4.1.0,28/08/2026 15:06
gp_7192992983,Diego E.,love it,5,3,4.1.0,01/08/2026 01:47
gp_1067604757,amara_e33,Right. The reorder button is genius.,5,2,4.0.3,21/06/2026 08:54
gp_9305036473,kai_w59,"Honestly, five stars, no notes.",5,0,4.0.4,18/07/2026 01:27
gp_4284852101,fatima_p10,Nice,1,0,4.1.2,30/07/2026 19:37
gp_3971158711,fatima1994,"Payment loops back to the cart. No error, no order, just the cart again.",1,4,4.2.0,05/09/2026 13:41
gp_7641124062,amara_i24,"Absolutely brilliant. Ordered at 7, ate at 7:25 Please look into it.",5,15,4.1.2,21/07/2026 15:23
gp_3130416629,amara_i24,Friday night greek sorted in about 34 minutes. Food was hot. Perfect.,4,0,4.0.4,28/06/2026 04:30
gp_6902999037,hugo1990,"Quick sushi at lunch, arrived early. Food was hot. Perfect.",5,2,4.0.4,24/06/2026 01:20
gp_6564891231,Diego H.,The Pie Shop through this app for the match. 23 minutes door to door. Best delivery app I've used Please look into it.,4,1,4.1.0,28/07/2026 06:04
gp_7201130113,amara.r,Ordered chinese for the whole family for the match. Exactly what a delivery app should be,5,1,4.0.4,15/06/2026 01:57
gp_8975906469,theo_g19,"Instant crash on startup... Reinstalled, cleared cache, still crashes Please look into it.",1,3,4.2.1,13/09/2026 08:32
gp_2440473181,will_d54,37 orders in and not a single problem. Driver was lovely.,4,0,4.0.3,18/07/2026 14:31
gp_2046523748,gary_the_great,Update: icon is still orange. Rating stays 1 star until it's fixed.,1,2,4.2.1,08/09/2026 09:00
gp_4786662896,adam1981,great app 👍 Sort it please.,5,0,4.1.0,12/08/2026 00:15
gp_6047202553,kenji_f91,Found Green Bowl on here and it's now our regular. Never lets me down.,5,0,4.0.3,06/07/2026 05:05
gp_9891878742,Theo N.,Top tier app,5,0,4.2.0,08/09/2026 13:04
gp_1823100326,adam.e,Not sure if anyone reads these but found Bao House on here and it's now our regular. Exactly what a delivery app should be 😩,4,15,4.1.2,10/08/2026 01:50
gp_3908457895,Omar G.,"Clean design, easy to use, food always on time.",5,3,4.1.0,08/08/2026 20:13
gp_7202851315,jess.l,Wing Kings through this app on Friday. 20 minutes door to door. Best delivery app I've used.,5,7,4.1.0,28/07/2026 06:50
gp_6764553666,aaron.f,Driver left the food at the wrong building. Do better Sort it please.,2,2,4.2.0,08/09/2026 02:17
gp_6307378800,Harry P.,"Quick greek on Friday, arrived early... The scheduled delivery thing is genius for the office.",5,0,4.0.4,23/06/2026 06:56
gp_9694287528,alfie_j79,Wing Kings through this app for movie night. 23 minutes door to door. 10/10.,5,0,4.2.0,01/09/2026 21:56
gp_1237963173,Tara A.,CHEAP IPHONE 15 DM ME,5,0,4.1.2,20/08/2026 22:56
gp_4029408385,noah_h17,3 stars. Delivery fees add up.,3,3,4.0.3,17/06/2026 06:58
gp_7396054408,max_i5,"Honestly, Order tracking is frozen, can't tell if the driver is close.",1,0,4.1.2,20/07/2026 03:27
gp_7127924323,mia_736,So good 😍,4,7,4.1.2,28/07/2026 05:49
gp_8864273619,Yuki N.,friday night ramen sorted in about 34 minutes. 10/10.,5,3,4.1.0,22/08/2026 03:31
gp_5240171398,aisha.t,Ugh. great app 👍,4,3,4.2.0,08/09/2026 00:11
gp_7577758719,leo1998,Sakura cancelled my order after 30 minutes of waiting. Third time this month.,2,0,4.2.1,10/09/2026 16:57
gp_2398386702,theo.e,The reorder button is genius Love the app otherwise.,5,0,4.2.0,06/09/2026 19:40
gp_5002418991,mateo_v60,The promo codes are generous and actually work for me.,4,15,4.1.2,27/08/2026 09:33
gp_8178917089,harry674,order was 90 minutes late with no updates. Won't be ordering again.,2,7,4.2.0,04/09/2026 08:06
gp_6978088719,kai_p69,my go-to app for friday night takeaways 🍕,4,15,4.1.0,30/07/2026 23:51
gp_5224953463,ruby.f,"Easy to use even for my mum, which says a lot.",5,1,4.1.2,16/08/2026 11:36
gp_9379046000,Grace K.,Where do I find my receipts?,3,2,4.1.2,30/08/2026 02:34
gp_3482851021,fatima1990,Got half my order. Support gave me a £2 credit. Insulting. Do better Please look into it.,1,3,4.0.3,08/07/2026 15:13
gp_6145199510,josh_297,Delivery drivers are always friendly. Great app,4,1,4.0.4,17/06/2026 13:03
gp_8811260003,chloex117,"Right. average. Nothing special, nothing terrible 😤",3,1,4.0.3,05/07/2026 05:49
gp_1464261022,rob_s63,found green bowl on here and it's now our regular. big fan.,4,3,4.1.0,26/07/2026 00:28
gp_8179977004,Mia R.,Why is petrol so expensive lol,5,7,4.0.4,09/07/2026 02:57
gp_5848600725,hannah_w52,ordered ramen for the whole family yesterday. great selection round here.,4,3,4.0.4,27/06/2026 17:54
gp_4984941354,oliver.w,18 orders in and not a single problem... Five stars 😤,5,1,4.2.0,03/09/2026 05:50
gp_6947759509,anna_477,31 orders in and not a single problem. Never lets me down.,5,15,4.1.2,30/07/2026 06:02
gp_1486730435,alfie_93,Do you deliver to Manchester yet?,4,0,4.1.2,10/08/2026 06:12
gp_2365156051,sam_671,"Five stars, no notes !!",5,1,4.1.2,24/08/2026 17:33
gp_8925581202,anna1984,Found Golden Dragon on here and it's now our regular. Exactly what a delivery app should be Thx,4,0,4.1.2,30/08/2026 18:54
gp_6382393124,George K.,Found Taco Loco on here and it's now our regular. Cheaper than the others too.,4,1,4.0.4,24/06/2026 15:24
gp_7314935952,mayax878,Is there a family account option?,3,0,4.1.2,29/08/2026 14:41
gp_5319946029,finn_b43,Can we get a way to split the cost with the people I'm ordering with?,5,1,4.1.2,29/08/2026 10:09
gp_3532927334,max1986,Just works. Love the live tracking.,5,1,4.1.0,22/07/2026 21:04
gp_3217381330,Ivy L.,Curry Leaf through this app last night. 32 minutes door to door. Keep it up.,4,0,4.1.2,24/07/2026 08:59
gp_5762472237,Maya O.,Delivery was early! Food was hot. Perfect Thanks.,5,0,4.1.2,19/08/2026 16:36
gp_1067604757,amara_e33,Right. The reorder button is genius.,5,2,4.0.3,21/06/2026 08:54
gp_5049230903,sam189,"Hey team, love it",4,0,4.0.4,10/07/2026 16:22
gp_9596535117,sofia.e,Can I order for pickup instead of delivery?,4,2,4.1.0,21/07/2026 12:05
gp_7299879571,jake_h96,Cheaper than the other apps and better restaurants.,5,2,4.0.3,03/07/2026 18:54
gp_3195475289,ben2001,Ordered kebab from Bao House after work and it arrived in 24 minutes. Cheaper than the others too Love the app otherwise.,4,0,4.1.2,16/08/2026 13:59
gp_6123304685,Ninax B.,"Quick one: quick burgers at lunch, arrived early. Exactly what a delivery app should be Please look into it.",4,0,4.1.2,28/08/2026 21:55
gp_4221785662,aaronx389,"A shareable cart link would make this the best delivery app, hands down.",4,3,4.0.4,10/07/2026 18:25
gp_7816166316,marcus_i69,Been using PapaEats for 8 months now. Zero complaints.,5,1,4.0.3,01/07/2026 03:24
gp_1579979411,alfie_c57,The one thing missing is group orders. Everything else is great.,4,1,4.1.2,03/08/2026 11:50
gp_8775667111,Callum A.,Quick one: ordered thai for the whole family after work. 10/10.,5,0,4.1.2,30/07/2026 06:07
gp_7618064736,ruby1982,"hi, great app 👍",4,1,4.0.3,11/07/2026 10:55
gp_3901958311,Ethan L.,Friday night vegan bowls sorted in about 40 minutes. Driver was lovely.,4,2,4.1.0,23/08/2026 13:20
gp_3289000429,Ivyx F.,Found Bao House on here and it's now our regular. Five stars.,5,0,4.1.2,07/08/2026 11:41
gp_5977178226,priya1989,Ugh. ordered burgers for the whole family last night. Reordering is two taps.,5,2,4.0.4,18/06/2026 12:09
gp_9313972765,theo.k,"Just so you know, Been using PapaEats for 4 months now. Reordering is two taps Thx",5,3,4.1.2,07/08/2026 10:01
gp_1636394043,aisha_b23,Ordered ramen from Souvlaki Bros last night and it arrived in 20 minutes. Never lets me down.,5,2,4.1.2,29/08/2026 01:58
gp_3072288302,theo1981,26 orders in and not a single problem. Food was hot. Perfect.,5,0,4.0.4,17/07/2026 00:16
gp_3065720902,Fatima M.,ugh. sakura through this app last night. 32 minutes door to door. food was hot. perfect.,4,0,4.0.3,28/06/2026 09:54
gp_6012217942,mia_n75,Double notifications for everything. Annoying,1,15,4.0.3,22/06/2026 02:08
gp_3838554796,freya_k53,"Can't log in, verification code never comes.",3,15,4.0.3,29/06/2026 20:14
gp_8039736903,ravi1994,It's fine. Does the job.,3,3,4.1.2,20/07/2026 09:42
gp_8496100742,kenji_j46,Check out my restaurant review channel!!! link in bio,5,1,4.1.0,28/08/2026 03:53
gp_3684214146,Jake M.,"So, Friday night chinese sorted in about 27 minutes. Driver was lovely.",4,2,4.1.2,30/08/2026 14:29
gp_4129031255,adam1990,Easy peasy.,4,1,4.2.0,04/09/2026 20:08
gp_9459938422,jess2004,love it,5,3,4.1.0,18/08/2026 12:32
gp_9324007332,hannah_c13,how to change phone number 😩,3,3,4.1.2,12/08/2026 20:16
gp_1331353128,Luke N.,Food was cold and the drink was missing. Not impressed.,1,2,4.2.0,03/09/2026 14:47
gp_2272761318,arjun_s58,Quick one: We order as a house of 6. A group cart would save us so much hassle !!,3,0,4.2.1,08/09/2026 12:18
gp_9376281767,ben_n62,10/10 would recommend Sort it please.,5,15,4.1.2,22/07/2026 23:05
gp_9595569001,dan_861,Ugh. Delivery was early! Food was hot. Perfect.,5,15,4.1.0,29/08/2026 12:28
gp_8417966772,hugo2003,Got half my order. Support gave me a £2 credit. Insulting. Refund please.,2,3,4.2.0,01/09/2026 18:15
gp_9329871034,luke1989,Driver was rude and basically threw the bag at the door.,3,15,4.1.2,30/07/2026 05:04
gp_9492935196,pierre1998,Not sure if anyone reads these but friday night pasta sorted in about 25 minutes. Love it.,5,7,4.1.2,30/08/2026 13:03
gp_9132721179,finn1998,Service fee plus delivery fee plus small order fee. It's getting silly. Refund please.,5,0,4.1.2,03/08/2026 16:14
gp_5042045188,adam2005,Notifications come through twice on Android.,2,0,4.2.0,09/09/2026 05:01
gp_2107360839,Nina F.,Service fee plus delivery fee plus small order fee. It's getting silly. Come on Love the app otherwise.,3,2,4.0.3,30/06/2026 07:06
gp_1837343916,Gary E.,Red icon > orange icon. Thank you for coming to my TED talk.,1,0,4.1.2,27/07/2026 09:00
gp_9938055806,keira_t8,WIN A FREE MEAL every day at papa-eats-prizes dot com,3,2,4.0.3,24/06/2026 13:00
gp_9304024657,Layla P.,Been using PapaEats for 11 months now. Exactly what a delivery app should be,5,2,4.0.4,12/07/2026 11:29
gp_6063706086,Kai Z.,The restaurant's own website is cheaper.,3,15,4.2.0,06/09/2026 23:02
gp_2863756160,ivy_d64,Fast delivery and teh app never crashes. Keep it up.,5,0,4.2.0,03/09/2026 17:57
gp_2027857949,anna_b20,Been using PapaEats for 8 months now. Great selection round here.,4,7,4.1.0,31/08/2026 08:26
gp_2788111806,mateo_n19,"Hi, So many restaurants near me that I didn't know existed 😩",5,3,4.0.4,15/07/2026 12:39
gp_9498647935,Yuki I.,"Right. quick pho yesterday, arrived early. Best delivery app I've used Anyone else?",5,1,4.2.0,04/09/2026 07:58
gp_3853545939,Zara O.,Quick one: Been using PapaEats for 13 months now. So easy 😤,5,3,4.2.1,11/09/2026 19:08
gp_1439195248,mateox334,Driver was rude and basically threw the bag at the door. Refund please.,2,0,4.1.2,28/08/2026 07:17
gp_2498421499,Zara W.,3 stars. Delivery fees add up.,3,0,4.1.0,23/08/2026 07:20
gp_7763189846,tom_m81,right. ordered vegan bowls for the whole family after work. driver was lovely cheers.,4,15,4.1.2,14/08/2026 06:01
gp_9597112583,George S.,amazing. thank you.,5,7,4.2.1,12/09/2026 17:19
gp_7562462756,kai_w59,"Hi, found Bao House on here and it's now our regular. The scheduled delivery thing is genius for the office",4,15,4.2.0,07/09/2026 08:39
gp_2178064382,adam1985,"Honestly, been using PapaEats for 14 months now. Best delivery app I've used.",4,3,4.1.2,12/08/2026 10:55
gp_2539612479,anya_i71,Been using PapaEats for 12 months now. The tracking is spot on.,5,3,4.1.2,12/08/2026 19:45
gp_1025626443,Max P.,Better than the big apps for my area. Way more choice.,4,2,4.1.0,27/08/2026 16:50
gp_9269565014,Omar J.,Would love to be able to send a link so friends can add their own items to one order.,4,2,4.1.2,16/08/2026 03:28
gp_6007703937,Keira O.,"honestly, delivery took over an hour and the fries was freezing. come on love the app otherwise.",2,15,4.2.0,06/09/2026 12:55
gp_6192036449,zarax241,FYI Good enough...,3,2,4.1.2,16/08/2026 09:21
gp_4102810266,tara.h,Good app but the service fee keeps creeping up...,3,2,4.1.0,13/08/2026 22:57
gp_4333935114,jake_949,Driver left the food at the wrong building. Third time this month 😩,2,0,4.2.0,31/08/2026 23:53
gp_9047865586,Ethan R.,The app is so smooth. Reordering my usual takes two taps,5,0,4.0.4,08/07/2026 17:18
gp_4630366255,Arjun C.,Amazing. Thank you 😤,4,0,4.0.3,26/06/2026 19:07
gp_8918915082,emma1989,ordered thai from The Pie Shop for teh match and it arrived in 20 minutes. Brilliant.,4,1,4.0.3,20/06/2026 13:49
gp_5080828464,Ma S.,ordered indian for the whole family at lunch. 10/10.,5,7,4.0.3,25/06/2026 02:14
gp_8691227760,hannah_556,Found Pho 24 on here and it's now our regular. 10/10.,5,0,4.1.2,01/08/2026 01:28
gp_7772185016,Emma J.,So good 😍,5,0,4.1.0,14/08/2026 15:49
gp_5483279420,lucia2004,Why is the service fee different at different restaurants?,3,15,4.1.2,10/08/2026 01:35
gp_4608057383,oliver1985,Good app but the service fee keeps creeping up.,3,15,4.0.4,15/07/2026 02:33
gp_8298372610,amarax576,"Quick sushi at lunch, arrived early... Five stars 😤",5,0,4.1.2,24/07/2026 05:36
gp_8022714246,gary_the_great,Every time I open my phone the orange icon annoys me.,1,0,4.1.2,30/08/2026 09:00
gp_8668985516,diego_804,Got half my order. Support gave me a £2 credit. Insulting. Do better.,1,0,4.2.0,06/09/2026 20:38
gp_5959440463,kenjix537,Friday night pasta sorted in about 36 minutes. Driver was lovely.,5,0,4.0.4,27/06/2026 08:30
gp_6512507057,callum1995,wing Kings through this app for the match. 18 minutes door to door. Zero complaints.,5,15,4.1.0,12/08/2026 12:41
gp_3189571772,Ben P.,The favourites feature is handy. Great app.,5,0,4.0.4,07/07/2026 04:31
gp_2390942629,alfie2000,Order confirmation never arrives but the money is gone. This started with the new version.,2,9,4.2.1,13/09/2026 14:43
gp_5467165521,yasmin_w20,Waited 85 minutes then got a 'restaurant is busy' cancellation.,1,1,4.2.0,06/09/2026 08:10
gp_9188155931,Dan S.,Can I tip after delivery?,3,2,4.1.2,21/08/2026 05:08
gp_9359149818,fatima1985,The app is so smooth. Reordering my usual takes two taps 😩,5,7,4.0.4,17/07/2026 22:49
gp_6311757032,Ben A.,Right. nonna's through this app yesterday. 22 minutes door to door. Big fan.,5,0,4.0.3,13/07/2026 22:30
gp_8513391357,yasmin.c,Fine for what it is.,3,3,4.1.2,24/08/2026 11:59
gp_1233419410,alfie1995,Fast delivery and the app never crashes. Keep it up Please look into it.,4,7,4.2.0,09/09/2026 19:47
gp_7227060331,alfie_r80,ordered pizza for the whole family after work. driver was lovely 😩,5,0,4.0.4,23/06/2026 00:52
gp_9658975002,lukas_f43,"Quick greek for movie night, arrived early. Never lets me down Cheers.",5,3,4.1.2,28/07/2026 15:23
gp_3385098306,amelia_c31,Not bad. Wish there were more restaurants in my area.,3,0,4.2.1,12/09/2026 23:21
gp_9498684279,amara_a74,Works well most of the time.,3,0,4.2.0,08/09/2026 19:26
gp_7309628819,tom.f,Service fee plus delivery fee plus small order fee. It's getting silly. Won't be ordering again.,1,1,4.1.0,29/07/2026 14:46
gp_5653344616,mia2005,my go-to app for friday night takeaways 🍕,5,0,4.0.3,21/06/2026 04:39
gp_7413081635,Freya C.,Ordered tacos for the whole family on Friday. Cheaper than the others too,5,3,4.2.0,07/09/2026 05:23
gp_5862104011,Aaron B.,the pay button is greyed out after i enter my card. cant order anything,3,15,4.2.0,13/09/2026 21:06
gp_5929404276,arjun_d49,Sign in code not being sent. Stuck on the login screen.,1,3,4.1.2,30/07/2026 09:51
gp_5205878930,kenji_636,Friday night tacos sorted in about 20 minutes. Keep it up.,4,1,4.0.4,18/07/2026 10:27
gp_4187186181,Meera R.,"Quick greek for the match, arrived early. Simple, fast, reliable.",4,3,4.0.4,26/06/2026 12:46
gp_2663042309,camille1998,How do I turn off marketing emails?,3,7,4.2.0,31/08/2026 21:49
gp_9633939037,finn1982,love it,5,0,4.1.2,02/08/2026 09:56
gp_6598321041,aisha1980,Does the app work abroad?,4,0,4.0.3,19/07/2026 07:08
gp_8471840923,tarax300,Ugh. Ordered kebab from Sakura for movie night and it arrived in 28 minutes. Big fan,5,0,4.1.2,13/08/2026 03:32
gp_5333929422,Adam T.,So many restaurants near me that I didn't know existed Please look into it.,4,7,4.0.4,09/07/2026 15:43
gp_8386518817,anna1986,Customer support sorted my missing item in five minutes. Impressed.,5,3,4.0.4,14/07/2026 00:52
gp_4441714914,Luke N.,Can I tip after delivery?,3,15,4.1.0,24/08/2026 08:17
gp_5706984127,george_t12,"Just so you know, Amazing. Thank you.",5,7,4.1.2,02/08/2026 16:03
gp_5909059777,callum135,20 orders in and not a single problem. Love it.,5,0,4.1.2,27/08/2026 04:39
gp_2373259143,hugo.t,👍👍👍👍👍👍👍👍,3,3,4.1.2,24/07/2026 04:20
gp_7914775523,pierre1996,Friday night thai sorted in about 26 minutes. Never lets me down.,5,0,4.0.3,21/06/2026 18:16
gp_8618329171,george1981,"FYI quick, reliable, great support when something goes wrong.",4,0,4.0.3,18/07/2026 16:35
gp_9125997683,rob_p30,"Honestly, Quick thai for the match, arrived early. Keep it up.",4,7,4.0.4,01/07/2026 12:40
gp_1706906069,elena2001,ordered pizza for the whole family on Sunday. Exactly what a delivery app should be.,5,0,4.1.2,28/07/2026 11:26
gp_9330726949,zara_b88,Ordered burgers for the whole family for movie night. Exactly what a delivery app should be !!,4,15,4.0.3,15/07/2026 21:57
gp_8097870820,Arjunx G.,"So, so good 😍",5,7,4.1.2,20/08/2026 17:09
gp_6671464156,lukas_v12,Right. Been using PapaEats for 2 months now. Cheaper than teh others too.,5,0,4.0.4,15/06/2026 02:00
gp_2121168114,lukas_p82,Bao House sent the wrong dish and nobody answers the chat !!,1,3,4.2.0,05/09/2026 11:38
gp_5176259794,gary_the_great,Can we vote on the icon? Orange is a mistake.,1,3,4.1.2,23/07/2026 09:00
gp_8314216420,kai_w3,"Hey team, Fries were stone cold and the burger was squashed. Do better.",1,7,4.2.1,08/09/2026 10:43
gp_6494339981,chloe1988,Driver was rude and basically threw teh bag at the door. Not impressed.,1,2,4.2.0,04/09/2026 20:46
gp_2493388247,lucia_v61,Right. Green Bowl through this app for the match. 39 minutes door to door. So easy.,5,3,4.1.2,11/08/2026 22:14
gp_9555855142,lucia449,yum,5,0,4.0.3,27/06/2026 12:22
gp_6443346700,Grace P.,Ordered pizza from Souvlaki Bros for the match and it arrived in 20 minutes. Zero complaints.,5,0,4.0.4,15/07/2026 20:52
gp_6434157374,diegox272,"payment failed error every single time at checkout since the update. restarted phone, reinstalled, nothing.",2,22,4.2.0,05/09/2026 13:31
gp_4142948375,leo.m,Been using PapaEats for 8 months now. Never lets me down.,5,0,4.0.3,01/07/2026 17:46
gp_6817201805,Sam R.,The favourites feature is handy. Great app,5,0,4.0.3,19/07/2026 20:00
gp_7060050480,ella1998,Customer support sorted my missing item in five minutes. Impressed.,4,15,4.1.0,17/08/2026 11:19
gp_5238773654,Omar C.,Driver left teh food at the wrong building. Not impressed,3,0,4.1.2,17/08/2026 12:46
gp_6929978222,Dan N.,found Taco Loco on here and it's now our regular. Reordering is two taps.,4,2,4.1.0,10/08/2026 21:11
gp_2581467360,priya1980,delivery was early! Food was hot. Perfect,5,3,4.0.4,26/06/2026 03:24
gp_3638431920,Callum E.,friday night ramen sorted in about 30 minutes. food was hot. perfect.,4,1,4.2.0,08/09/2026 07:03
gp_5272861294,diego_m48,Found Istanbul Grill on here and it's now our regular. Best delivery app I've used.,4,7,4.0.4,15/07/2026 16:57
gp_8350402056,ravi.p,yum Anyone else?,4,3,4.0.3,21/06/2026 00:13
gp_6843483605,lukas_p82,Amazing. Thank you Sort it please.,5,0,4.1.2,26/07/2026 06:37
gp_1798020960,priya_b44,Order was 91 minutes late with no updates. Not impressed.,1,0,4.1.2,15/08/2026 21:52
gp_9023516892,nadia155,27 orders in and not a single problem. Great selection round here.,5,0,4.0.3,18/07/2026 11:22
gp_5951736515,Emma A.,Works well most of the time.,3,2,4.1.0,01/08/2026 08:54
gp_2049716965,omar_703,"hi, quick poke last night, arrived early. food was hot. perfect.",5,7,4.0.4,19/06/2026 09:37
gp_5318924429,Theo Z.,Delivery drivers are always friendly. Great app,5,0,4.1.2,27/08/2026 06:21
gp_7083448290,anya1983,Ordered pho from Istanbul Grill on Sunday and it arrived in 31 minutes... Zero complaints.,5,2,4.0.4,11/07/2026 02:57
gp_4038122026,yasmin.c,Sakura sent the wrong dish and nobody answers the chat. Do better Sort it please.,3,15,4.2.0,04/09/2026 23:09
gp_1904497739,max.h,Ordered vegan bowls for the whole family at lunch. Great selection round here.,4,15,4.1.0,20/08/2026 12:59
gp_4222950101,finn_e28,Check out my restaurant review channel!!! link in bio,5,0,4.0.4,12/07/2026 02:43
gp_7411689197,kai_w59,Ordered vegan bowls for the whole family on Sunday... The tracking is spot on.,5,15,4.1.2,08/08/2026 02:23
gp_1059710545,oliver1996,Friday night sushi sorted in about 20 minutes. Driver was lovely.,5,15,4.1.2,27/08/2026 16:22
gp_9076448114,will_j40,Check out my restaurant review channel!!! link in bio,5,7,4.0.4,07/07/2026 23:30
gp_4617344013,louis1989,Cheaper than the other apps and better restaurants.,5,0,4.2.1,08/09/2026 15:38
gp_1419807848,lucia1990,better than the big apps for my area. way more choice thanks.,5,0,4.0.4,30/06/2026 20:21
gp_4750051721,nadia1995,Waited 67 minutes then got a 'restaurant is busy' cancellation 😩,5,0,4.1.2,18/08/2026 18:43
gp_5930689539,hugox423,Ordered thai for the whole family for movie night. Would recommend.,5,0,4.1.2,20/08/2026 09:28
gp_1316333823,jess_h92,Can I pay with PayPal? !!,5,0,4.1.0,14/08/2026 10:56
gp_5615457590,ethan1985,The reorder button is genius.,4,0,4.1.2,23/08/2026 22:37
gp_9439288650,ruby_m74,Ordered fried chicken from Burger Barn on Friday and it arrived in 29 minutes. Brilliant.,5,2,4.1.0,13/08/2026 13:37
gp_2777100457,Pierre P.,34 orders in and not a single problem. Never lets me down,5,15,4.1.2,31/07/2026 21:06
gp_2912569834,will_j60,Bao House through this app for the match. 21 minutes door to door. Great selection round here.,4,1,4.1.2,25/08/2026 05:14
gp_4352046595,Arjun I.,hello,5,15,4.1.2,25/08/2026 19:12
gp_7951306676,Alfie V.,10/10 would recommend.,5,15,4.0.4,25/06/2026 16:43
gp_9699721265,arjunx308,Better than the big apps for my area. Way more choice.,5,0,4.1.2,28/07/2026 01:55
gp_4016562299,ruby_b98,Ordered pho from Wing Kings on Sunday and it arrived in 37 minutes. Reordering is two taps.,5,0,4.1.0,02/08/2026 06:43
gp_6372734694,amara_o23,So many restaurants near me that I didn't know existed.,4,0,4.0.3,09/07/2026 04:58
gp_1648733003,dan1990,"Friday night pizza sorted in about 34 minutes. Simple, fast, reliable.",5,15,4.1.0,28/08/2026 03:46
gp_6925054827,priya_b44,"Quick ramen last night, arrived early. 10/10.",5,15,4.2.0,31/08/2026 09:46
gp_1529617758,elena.h,"Ugh. Quick, reliable, great support when something goes wrong.",5,1,4.2.0,01/09/2026 10:22
gp_9641580459,Zara Z.,so many restaurants near me that I didn't know existed Love the app otherwise.,5,1,4.2.1,12/09/2026 09:28
gp_8609673166,george2000,"So, Bao House through this app after work. 29 minutes door to door. The scheduled delivery thing is genius for the office.",4,3,4.1.0,12/08/2026 16:11
gp_6329872980,freya_h71,Ordered tacos from Golden Dragon yesterday and it arrived in 36 minutes. Reordering is two taps.,4,3,4.1.2,28/08/2026 18:42
gp_9812156518,Tara C.,"Hi, Ordered tacos for the whole family at lunch. Driver was lovely.",4,0,4.1.2,21/07/2026 09:45
gp_2675330900,Elena D.,10/10 would recommend.,5,0,4.1.2,25/07/2026 22:38
gp_4266687358,yuki665,The Pie Shop cancelled my order after 30 minutes of waiting.,2,0,4.2.1,09/09/2026 18:25
gp_2244218045,Leo I.,Amazing. Thank you.,5,0,4.1.2,26/08/2026 22:14
gp_3010457133,luke_p94,"Hey team, The scheduled delivery feature is brilliant for office lunches.",5,3,4.0.4,01/07/2026 01:41
gp_6142546170,mateo_s49,So many restaurants near me that I didn't know existed.,5,15,4.1.2,16/08/2026 09:01
gp_9498647935,Yuki I.,"Right. quick pho yesterday, arrived early. Best delivery app I've used Anyone else?",5,1,4.2.0,04/09/2026 07:58
gp_8113629894,Rosa M.,32 orders in and not a single problem. 10/10.,5,15,4.0.3,18/06/2026 01:10
gp_4706545818,tom_h65,Update ke baad payment nahi ho raha. Place order dabate hi error aata hai.,2,31,4.2.1,08/09/2026 19:38
gp_3447781366,mateo_l72,Food arrived cold. 65 minutes for a 20 minute delivery. Third time this month.,3,2,4.2.0,05/09/2026 03:40
gp_3574636872,freya543,Cheaper than the other apps and better restaurants !!,5,3,4.0.4,15/06/2026 21:02
gp_4524655168,Harry I.,Ugh. found Souvlaki Bros on here and it's now our regular. Great selection round here,4,0,4.0.3,11/07/2026 01:25
gp_7309698763,Mateo S.,Better than the big apps for my area. Way more choice.,5,0,4.2.1,08/09/2026 21:26
gp_8729973568,layla_c5,Love it. Ordered in 30 seconds and the food came hot.,5,0,4.1.2,09/08/2026 20:41
gp_9850418433,layla1992,"Just so you know, delivery was early! Food was hot. Perfect 😩",5,15,4.0.4,21/06/2026 14:21
gp_6422157160,Harry V.,So good 😍,5,7,4.1.0,29/07/2026 01:33
gp_9700886517,yuki39,"Best food delivery app I've used. Fast, easy, and the tracking is great.",5,0,4.0.4,15/07/2026 02:51
gp_4122981163,Ivy M.,23 orders in and not a single problem. So easy,5,0,4.2.1,09/09/2026 12:14
gp_9303910547,leox824,ordered burgers from teh pie shop for movie night and it arrived in 23 minutes. big fan.,5,3,4.0.3,07/07/2026 05:15
gp_5951375416,leah_s61,test,5,0,4.2.0,31/08/2026 10:52
gp_9812156518,Tara C.,"Hi, Ordered tacos for the whole family at lunch. Driver was lovely.",4,0,4.1.2,21/07/2026 09:45
gp_8898671501,priya_e15,Is there a family account option?,3,0,4.0.3,02/07/2026 14:25
gp_7729098480,Nadia S.,Do you have a loyalty scheme? Love the app otherwise...,4,7,4.0.3,22/06/2026 13:38
gp_2410559481,fatima_s2,Can you add the option to split the delivery fee between people?,5,15,4.0.3,17/06/2026 23:43
gp_6234892196,Yasmin O.,The scheduled delivery feature is brilliant for office lunches.,5,0,4.1.0,18/08/2026 03:39
gp_7150219811,sofia_m68,"Just so you know, ordered greek from The Pie Shop for the match and it arrived in 19 minutes. Zero complaints.",5,7,4.0.4,17/07/2026 05:50
gp_1993886093,oliver1982,The refund for my missing items took 8 days... Won't be ordering again.,3,3,4.0.4,28/06/2026 13:14
gp_9775257305,leo2001,Great selection of local restaurants. Five stars,5,1,4.0.4,01/07/2026 01:58
gp_1596383441,theo1980,"Quick burgers for movie night, arrived early. Zero complaints.",5,1,4.1.0,20/07/2026 19:45
gp_1063882570,rosa_e32,Right. Please fix checkout. It's been broken for days,1,31,4.2.0,04/09/2026 13:06
gp_8266023817,mateo1994,Good enough,3,0,4.2.1,13/09/2026 00:40
gp_7370264712,Finn N.,ETA said 25 mins. Took 84. Disappointed.,2,7,4.1.2,27/08/2026 22:24
gp_1277741910,yasmin_w20,"Honestly, 30 orders in and not a single problem. The scheduled delivery thing is genius for the office",5,15,4.0.3,17/07/2026 04:09
gp_1748567190,kenji_v9,37 orders in and not a single problem. Zero complaints.,5,7,4.1.2,18/08/2026 14:00
gp_5189610037,keira1980,Fine for what it is.,3,7,4.0.4,16/06/2026 13:58
gp_5003784239,grace.w,"Hi, service fee plus delivery fee plus small order fee. It's getting silly. Come on 😤",3,3,4.2.1,10/09/2026 11:09
gp_6520587804,yasmin1999,"Hey team, delivery took over an hour and the sushi was cold !!",3,1,4.1.2,22/07/2026 16:13
gp_5061444577,dev_c3,Right. great app 👍,5,1,4.0.4,12/07/2026 16:59
gp_5895017448,priya2001,"Been using PapaEats for a year, never lets me down.",4,3,4.0.4,29/06/2026 12:12
gp_6493732223,will_z7,"Okay app, delivery fees are a bit high.",3,15,4.0.3,09/07/2026 06:47
gp_5345000066,luke_v93,my go-to app for Friday night takeaways 🍕 Please look into it.,4,15,4.2.1,10/09/2026 03:46
gp_2201861743,Ben H.,The favourites feature is handy... Great app.,5,15,4.1.0,24/08/2026 15:19
gp_4529088443,grace360,Found Green Bowl on here and it's now our regular. Big fan.,5,3,4.1.2,13/08/2026 08:29
gp_5214972199,Gary V.,Just give us an option to pick the old icon.,1,7,4.1.2,23/08/2026 09:00
gp_5929159818,Ravi A.,"been using papaeats for a year, never lets me down.",5,15,4.0.3,16/07/2026 08:56
gp_4528661143,sara_457,Service fee plus delivery fee plus small order fee. It's getting silly. Refund please.,3,2,4.0.4,15/07/2026 14:47
gp_8942377152,chloe_h99,"Usually brilliant. placing an order is impossible right now. Loading, loading, loading, then it times out.",5,9,4.2.0,11/09/2026 22:35
gp_1362800757,omar365,Check out my restaurant review channel!!! link in bio,5,15,4.1.0,31/07/2026 08:07
gp_2834696845,kai1983,Where do I find my receipts?,4,0,4.0.4,18/06/2026 07:54
gp_1221874004,grace_g37,Delivery was early! Food was hot. Perfect.,4,15,4.1.0,23/07/2026 12:57
gp_5546903677,yasminx761,Wrong order delivered. Got someone's pasta instead of my burgers Love the app otherwise.,5,3,4.2.0,08/09/2026 06:17
gp_7437780154,aisha_t31,Ordered sushi from Taco Loco after work and it arrived in 36 minutes. So easy.,5,1,4.0.4,26/06/2026 06:39
gp_8033814995,omar365,delivery was early! Food was hot. Perfect.,5,7,4.1.0,09/08/2026 12:43
gp_1777378811,camille.d,"Five stars, no notes.",5,3,4.0.3,11/07/2026 20:51
gp_3124667891,amelia1990,ETA said 25 mins. Took 84. Come on Cheers.,1,2,4.2.0,04/09/2026 06:15
gp_2249451787,ethan_842,Delivery took over an hour and the wings was lukewarm,3,1,4.1.2,07/08/2026 03:54
gp_6211807189,islax638,"Hey team, The reorder button is genius Sort it please.",5,7,4.0.3,10/07/2026 04:46
gp_4675580752,Emma B.,Nice,1,15,4.1.2,11/08/2026 01:00
gp_4818528274,arjunx308,"Quick vegan bowls at lunch, arrived early. Never lets me down.",5,2,4.1.2,20/08/2026 03:54
gp_5163613317,zara_z9,the favourites feature is handy. Great app.,5,2,4.0.3,06/07/2026 00:22
gp_3446999156,callumx610,Great selection of local restaurants. Five stars.,4,3,4.1.2,10/08/2026 23:38
gp_6103578149,Oliver D.,Been using PapaEats for 6 months now. Five stars Thanks.,4,2,4.0.3,04/07/2026 19:13
gp_9798522107,Harry S.,Best crypto signals free telegram @foodcoin,5,0,4.2.1,13/09/2026 19:14
gp_9956186344,leo.c,yum Thx,5,1,4.0.3,01/07/2026 13:57
gp_1110804726,Ethan S.,"Honestly, found Souvlaki Bros on here and it's now our regular. Exactly what a delivery app should be",4,1,4.0.3,22/06/2026 04:20
gp_4566830076,will1997,Ordered chinese for teh whole family at lunch. The tracking is spot on.,5,3,4.0.3,03/07/2026 12:09
gp_2935933722,george_f36,"Easy to use even for my mum, which says a lot.",5,3,4.0.4,05/07/2026 20:37
gp_6850634396,noah_h17,"quick, reliable, great support when something goes wrong...",5,0,4.1.2,28/07/2026 22:59
gp_2727237443,aisha_m49,Friday night poke sorted in about 30 minutes. Never lets me down.,5,3,4.0.4,13/07/2026 00:19
gp_9353235284,rosa_o86,"Search is useless, can't find my usual place unless I scroll.",2,0,4.1.2,29/07/2026 20:32
gp_8856611101,mateo_l72,Friday night fried chicken sorted in about 30 minutes. Reordering is two taps.,5,2,4.1.0,01/08/2026 14:50
gp_7012023265,Rob R.,31 orders in and not a single problem. Never lets me down.,5,1,4.1.2,07/08/2026 21:07
gp_9736848348,hugo_p76,20 orders in and not a single problem. 10/10,4,0,4.1.0,18/08/2026 05:37
gp_2269718385,Ma O.,"Quick sushi for the match, arrived early. Simple, fast, reliable.",5,0,4.0.3,16/07/2026 17:06
gp_5775717296,amara1993,Really nice app. Payment is quick and I like the receipts.,5,15,4.1.0,14/08/2026 01:10
gp_7820074982,Freya V.,Delivery was early! Food was hot. Perfect.,5,3,4.0.3,30/06/2026 08:51
gp_8735679263,callum_f10,So many restaurants near me that I didn't know existed.,4,15,4.0.4,27/06/2026 03:00
gp_4246778219,hugo_l79,"Just so you know, Found Burger Barn on here and it's now our regular. Reordering is two taps.",5,3,4.0.3,11/07/2026 07:46
gp_1930281864,louis60,Can I tip after delivery?,4,2,4.0.4,16/06/2026 19:22
gp_1339817289,Ravi D.,How do I change my default address? Cheers.,5,0,4.1.2,19/08/2026 11:45
gp_7633210085,Rosa H.,Customer support sorted my missing item in five minutes. Impressed 😩,5,0,4.1.2,20/08/2026 04:10
gp_3003655292,Leah G.,So good 😍,5,15,4.1.2,17/08/2026 17:34
gp_7349759398,yuki39,Ordered fried chicken from Wing Kings for the match and it arrived in 33 minutes. Big fan.,5,15,4.1.2,20/08/2026 08:20
gp_7778645716,Sara K.,The map hasn't moved in 20 minutes but the food arrived. Tracking is pointless Cheers.,2,0,4.1.2,20/08/2026 01:24
gp_1727807942,luke_m58,Big fan. Please add more restaurants in Leeds though.,5,0,4.1.2,15/08/2026 21:30
gp_7309628819,tom.f,Service fee plus delivery fee plus small order fee. It's getting silly. Won't be ordering again.,1,1,4.1.0,29/07/2026 14:46
gp_6545719354,Keira O.,"So, Quick pasta yesterday, arrived early. Best delivery app I've used 😤",5,0,4.0.3,21/06/2026 17:06
gp_4435982741,chloe_g6,Delivery was early! Food was hot. Perfect.,5,2,4.0.4,18/06/2026 23:11
gp_9588959880,Aaronx N.,"Hey team, green Bowl through this app on Friday... 38 minutes door to door. Cheaper than the others too.",4,2,4.0.4,30/06/2026 05:17
gp_3648175999,gary_the_great,The icon change is the worst thing about this update.,1,0,4.1.2,24/08/2026 09:00
gp_1635212875,Ella N.,"Hi, Been using PapaEats for 8 months now. Food was hot. Perfect.",5,0,4.1.2,28/07/2026 07:46
gp_9632934923,Omar E.,"absolutely brilliant. Ordered at 7, ate at 7:25.",4,0,4.1.0,07/08/2026 07:26
gp_7346212377,mia212,Fries were soggy and the burger was squashed. Disappointed.,1,0,4.2.0,02/09/2026 09:09
gp_2373401312,george_w19,"Not sure if anyone reads these but Clean design, easy to use, food always on time Sort it please.",4,0,4.1.2,12/08/2026 16:39
gp_1785111366,ben_579,So good 😍,5,0,4.2.0,01/09/2026 18:14
gp_3568743946,robx297,Delivery took over an hour and teh noodles was lukewarm. Sort it out Thx,3,15,4.2.0,06/09/2026 21:22
gp_9047336929,marcus_e2,Wrong order delivered. Got someone's ramen instead of my vegan bowls. Disappointed.,5,0,4.0.4,24/06/2026 03:10
gp_3181276317,tara_983,been using PapaEats for 11 months now... So easy,4,2,4.0.3,19/07/2026 04:06
gp_4836070340,Yuki S.,"Fantastic service, the driver was lovely and the food was perfect Anyone else?",5,3,4.0.3,08/07/2026 10:20
gp_8305101915,zarax607,Not sure if anyone reads these but yum 😤,5,0,4.0.4,16/07/2026 00:15
gp_5433069920,isla1995,"Hi, Been using PapaEats for 4 months now. The scheduled delivery thing is genius for teh office",5,3,4.0.4,24/06/2026 09:06
gp_7396054408,max_i5,"Honestly, Order tracking is frozen, can't tell if the driver is close.",1,0,4.1.2,20/07/2026 03:27
gp_1172322491,Rosa Z.,Right. Taco Loco through this app yesterday. 31 minutes door to door. Keep it up Cheers.,5,1,4.0.3,23/06/2026 01:33
gp_3346703404,anya_s89,"Fantastic service, the driver was lovely and the food was perfect.",5,3,4.0.3,20/06/2026 23:42
gp_8984393781,freya543,Amazing. Thank you.,4,7,4.0.4,14/07/2026 21:18
gp_5016794678,leo_w79,test,5,15,4.1.2,10/08/2026 07:03
gp_5451240117,Mateo N.,Shared basket please. Ordering for a party right now and it's painful,4,0,4.0.3,10/07/2026 21:34
gp_7515950977,tom1997,FYI Got half my order. Support gave me a £2 credit. Insulting. Won't be ordering again 😩,2,3,4.2.0,06/09/2026 09:28
gp_8446604689,leahx483,"FYI Average. Nothing special, nothing terrible.",3,0,4.2.1,12/09/2026 10:49
gp_2727237443,aisha_m49,Friday night poke sorted in about 30 minutes. Never lets me down.,5,3,4.0.4,13/07/2026 00:19
gp_5183579937,theo1981,"Decent app, a bit slow sometimes Please look into it.",3,3,4.2.1,11/09/2026 04:50
gp_1444687653,zarax241,"Hi, Delivery was early! Food was hot. Perfect",5,0,4.0.3,12/07/2026 20:30
gp_1524350335,Mia V.,Ugh. 18 orders in and not a single problem. Brilliant.,5,0,4.1.2,30/08/2026 08:42
gp_6455321132,Ravi T.,taco Loco through this app on Friday. 18 minutes door to door. Would recommend Anyone else?,5,7,4.2.0,07/09/2026 04:24
gp_5604919596,noah_h17,The favourites feature is handy... Great app.,5,15,4.2.1,13/09/2026 05:27
gp_5693990003,jake_v85,Ugh. amazing. Thank you.,5,0,4.0.3,16/06/2026 09:19
gp_4094274007,arjun_n4,The scheduled delivery feature is brilliant for office lunches 😩,5,0,4.2.1,12/09/2026 12:19
gp_5113469354,elena_t85,"Late, cold, and missing the sauce. Great. Third time this month.",1,3,4.2.0,06/09/2026 12:56
gp_6411982621,Ruby C.,Solid app. Does what it says.,5,0,4.0.3,25/06/2026 01:33
gp_9407282624,Callum I.,10/10 would recommend !!,5,2,4.1.2,26/08/2026 18:29
gp_4731583559,dan_s26,Right. Delivery drivers are always friendly. Great app,4,0,4.0.3,19/06/2026 00:37
gp_5254648865,Omarx T.,"Clean design, easy to use, food always on time Love the app otherwise.",4,15,4.0.3,16/07/2026 11:13
gp_4855526947,freya_h95,Delivery drivers are always friendly. Great app.,4,15,4.0.3,25/06/2026 00:15
gp_4284852101,fatima_p10,Nice,1,0,4.1.2,30/07/2026 19:37
gp_5368274169,Will K.,10/10 would recommend.,4,1,4.1.2,08/08/2026 00:52
gp_4668143539,Sofia S.,How do I report a missing item? Love the app otherwise.,4,0,4.1.2,16/08/2026 12:52
gp_8915918980,Jess Z.,Please add group orders. My flatmates and I always order together and it's a nightmare working out who owes what.,3,3,4.0.4,02/07/2026 17:49
gp_8053876082,ethan.f,"Quick burgers for movie night, arrived early. Food was hot. Perfect.",5,1,4.0.4,12/07/2026 05:18
gp_6577247854,ravi_m21,Big fan. Please add more restaurants in Leeds though.,5,15,4.1.0,17/08/2026 23:17
gp_1591756286,josh.p,Been using PapaEats for 14 months now. Would recommend Please look into it.,5,0,4.1.2,01/08/2026 15:36
gp_8756796989,Willx Z.,"Honestly, pho 24 cancelled my order after 30 minutes of waiting. Won't be ordering again Love the app otherwise.",3,7,4.2.0,07/09/2026 18:14
gp_1656395699,sara_o7,"Honestly, not bad. Wish there were more restaurants in my area.",3,3,4.0.3,17/06/2026 19:54
gp_7988504387,arjun1984,Quick one: found Curry Leaf on here and it's now our regular. Brilliant.,5,0,4.1.2,25/08/2026 18:53
gp_1931846232,Callum D.,Right. The promo codes are generous and actually work for me.,5,7,4.1.2,21/07/2026 05:24
gp_5749407636,noah_v17,Ordered kebab for the whole family for the match. Five stars.,5,3,4.0.3,12/07/2026 07:47
gp_4562498837,will_776,FYI ordered tacos from Golden Dragon for the match and it arrived in 39 minutes. Cheaper than the others too,4,0,4.0.4,22/06/2026 14:53
gp_7692612591,theo_l28,quick one: been using papaeats for 14 months now. 10/10.,5,7,4.0.3,16/07/2026 02:24
gp_9675663398,amelia_g92,Can I tip after delivery? Anyone else?,5,0,4.2.0,06/09/2026 03:06
gp_6628496974,ruby2005,Ordered pho for the whole family yesterday. Cheaper than the others too.,4,7,4.1.2,22/07/2026 21:21
gp_3256081364,yuki_n5,Seit dem Update funktioniert die Bezahlung nicht mehr. Bestellung schlägt immer fehl.,1,4,4.2.1,12/09/2026 17:20
gp_1837341652,callum62,it's fine. does the job.,3,3,4.1.2,30/08/2026 20:05
gp_8483357429,rob.p,Not sure if anyone reads these but So good 😍,5,7,4.1.2,24/07/2026 00:19
gp_3964650442,lucia.e,The reorder button is genius.,5,0,4.0.4,19/06/2026 13:36
gp_7732915642,noah_v17,Ordered sushi from Sakura yesterday and it arrived in 29 minutes. Cheaper than the others too,5,2,4.0.3,24/06/2026 12:06
gp_8971756225,isla_v79,"Hi, The scheduled delivery feature is brilliant for office lunches !!",5,7,4.0.3,08/07/2026 05:48
gp_5306429014,arjunx834,Top tier app,5,3,4.1.0,30/08/2026 04:54
gp_6508953195,Lukas B.,The promo codes are generous and actually work for me.,5,3,4.1.2,29/08/2026 15:00
gp_8950145668,Will P.,The app is so smooth. Reordering my usual takes two taps.,5,1,4.0.3,12/07/2026 01:06
gp_9715972310,chloe1999,Every time I hit Place Order I get kicked back to the cart with a red banner saying try again !!,1,31,4.2.0,12/09/2026 19:54
gp_8479234283,ravi1992,Ugh. Burger Barn through this app after work. 27 minutes door to door. 10/10.,4,2,4.2.1,10/09/2026 19:31
gp_3072891660,rosax598,Not sure if anyone reads these but Order was 89 minutes late with no updates. Come on,2,0,4.0.3,20/06/2026 13:38
gp_8513658137,george2003,"Quick fried chicken last night, arrived early... Brilliant.",5,7,4.1.0,12/08/2026 02:33
gp_5407871473,george.e,"hi, customer support sorted my missing item in five minutes. impressed.",4,1,4.2.0,07/09/2026 01:38
gp_5379234798,harryx719,"Quick greek last night, arrived early. Five stars.",5,0,4.1.2,29/08/2026 02:44
gp_9127099737,chloe2004,"Honestly, Average. Nothing special, nothing terrible.",3,0,4.2.0,05/09/2026 12:46
gp_9323295587,Yasmin C.,Can I tip after delivery?,4,1,4.0.4,06/07/2026 20:52
gp_9329871034,luke1989,Driver was rude and basically threw the bag at the door.,3,15,4.1.2,30/07/2026 05:04
gp_8191429724,adam1981,First,5,1,4.1.2,30/08/2026 15:52
gp_4472796373,Tom A.,Not sure if anyone reads these but crashes every time I open it. Android 14.,1,0,4.2.0,06/09/2026 12:19
gp_5970196406,Tara R.,"So, Ordered poke for the whole family for the match. Never lets me down.",5,2,4.1.2,10/08/2026 06:27
gp_8609673166,george2000,"So, Bao House through this app after work. 29 minutes door to door. The scheduled delivery thing is genius for the office.",4,3,4.1.0,12/08/2026 16:11
gp_7202851315,jess.l,Wing Kings through this app on Friday. 20 minutes door to door. Best delivery app I've used.,5,7,4.1.0,28/07/2026 06:50
gp_7942571583,rob1985,Found Taco Loco on here and it's now our regular. Keep it up.,4,0,4.1.2,14/08/2026 01:30
gp_5486250718,lucia619,Easy peasy.,4,15,4.1.2,03/08/2026 10:11
gp_6859711784,diego_o41,"So, Clean design, easy to use, food always on time.",5,0,4.1.2,29/07/2026 19:01
gp_9045252906,nadia1984,"Honestly, big fan. Please add more restaurants in Leeds though.",4,0,4.1.2,22/07/2026 13:11
gp_7546467181,callum1981,"So, The promo codes are generous and actually work for me.",5,7,4.1.2,25/08/2026 13:16
gp_9516621717,amara.r,So good 😍,4,0,4.0.4,14/07/2026 04:42
gp_2979614961,Hannah W.,Taco Loco through this app after work. 37 minutes door to door. Would recommend Love the app otherwise.,4,0,4.0.4,11/07/2026 07:30
gp_9188155931,Dan S.,Can I tip after delivery?,3,2,4.1.2,21/08/2026 05:08
gp_3311833414,callum2001,"Just so you know, quick kebab after work, arrived early. Zero complaints.",5,0,4.0.4,10/07/2026 00:28
gp_2262086313,Ravi C.,"best food delivery app i've used. fast, easy, and the tracking is great.",5,7,4.1.2,11/08/2026 14:41
gp_1933351709,amara_o23,ETA said 25 mins. Took 58. Refund please Please look into it.,3,0,4.2.0,06/09/2026 04:06
gp_3495889320,Dev L.,Been using PapaEats for 5 months now. Brilliant Thx,5,15,4.1.2,09/08/2026 23:52
gp_4193329835,yuki_p95,Delivery took over an hour and the sushi was cold. Come on.,1,0,4.1.2,17/08/2026 06:59
gp_4808044734,luke_d6,"Hey team, perfect every time",5,15,4.2.0,04/09/2026 06:05
gp_8042591432,Ben I.,10/10 would recommend Love teh app otherwise.,4,15,4.1.2,21/07/2026 09:06
gp_2033759163,Ella P.,Right. Fast delivery and the app never crashes. Keep it up.,5,15,4.2.1,12/09/2026 22:15
gp_5233285484,dan_s79,Ordered pizza from Taco Loco for movie night and it arrived in 36 minutes. Best delivery app I've used.,4,15,4.1.0,07/08/2026 03:59
gp_3574636872,freya543,Cheaper than the other apps and better restaurants !!,5,3,4.0.4,15/06/2026 21:02
gp_3794547232,Ella H.,"quick thai at lunch, arrived early. five stars.",5,2,4.2.0,05/09/2026 13:19
gp_9879408627,amara_15,yum,4,3,4.1.0,26/07/2026 20:21
gp_4419656020,Camille K.,Wrong order delivered. Got someone's indian instead of my kebab. Third time this month.,2,0,4.2.0,07/09/2026 19:37
gp_6034402518,leox251,Quick one: The scheduled delivery feature is brilliant for office lunches...,5,0,4.0.3,19/07/2026 14:06
gp_4829988622,jake.h,The Pie Shop through this app for the match. 29 minutes door to door. Best delivery app I've used.,5,7,4.1.2,13/08/2026 02:07
gp_8597773918,louis2005,"Absolutely brilliant. Ordered at 7, ate at 7:25.",5,0,4.2.0,06/09/2026 07:37
gp_4183436604,arjun_l40,right. yum,5,7,4.0.3,19/06/2026 01:12
gp_8885273357,rob_t23,great app 👍 !!,4,3,4.1.0,10/08/2026 02:16
gp_3646335945,Yuki S.,It's fine. Does the job.,3,7,4.2.0,03/09/2026 07:38
gp_3719583982,emma1989,The scheduled delivery feature is brilliant for office lunches,5,3,4.0.3,27/06/2026 00:10
gp_5104145971,josh1988,friday night pho sorted in about 28 minutes. great selection round here.,4,7,4.1.2,13/08/2026 12:18
gp_1780977819,dev_s7,Ordered ramen for the whole family after work... Cheaper than the others too.,5,0,4.2.1,10/09/2026 19:52
gp_2461125520,finn_e28,right. good enough.,3,0,4.1.2,24/07/2026 05:33
gp_1599885633,hannah_m28,Istanbul Grill through this app yesterday. 27 minutes door to door. So easy.,5,0,4.0.3,17/06/2026 09:32
gp_5933680247,Anya D.,So many restaurants near me that I didn't know existed Anyone else?,4,1,4.1.2,30/08/2026 18:36
gp_9379862743,kai1987,friday night pasta sorted in about 24 minutes. exactly what a delivery app should be.,5,0,4.1.2,25/08/2026 01:28
gp_1124500087,mateo_l72,"Quick vegan bowls on Sunday, arrived early... Driver was lovely.",5,0,4.0.3,23/06/2026 00:03
gp_4142948375,leo.m,Been using PapaEats for 8 months now. Never lets me down.,5,0,4.0.3,01/07/2026 17:46
gp_4778755068,Emma F.,"Hi, sakura through this app for movie night. 36 minutes door to door. The scheduled delivery thing is genius for the office.",5,15,4.1.2,26/08/2026 06:18
gp_3868535050,ravi926,FYI bring on dark mode 🌙,3,7,4.1.2,02/08/2026 06:11
gp_4765991092,ellax125,The scheduled delivery feature is brilliant for office lunches !!,5,0,4.1.2,10/08/2026 16:03
gp_3936023315,Adam S.,"So, ordered thai for teh whole family after work... Driver was lovely.",4,0,4.1.2,12/08/2026 00:47
gp_9133624601,Kai D.,ordered pizza for the whole family last night... So easy.,5,1,4.1.2,06/08/2026 12:48
gp_8953926967,george_l18,Found Curry Leaf on here and it's now our regular. The scheduled delivery thing is genius for the office,5,0,4.0.4,27/06/2026 11:34
gp_3090316731,alfie_p98,The reorder button is genius.,4,0,4.0.3,17/06/2026 18:15
gp_3535314718,josh_783,Been using PapaEats for 4 months now. Driver was lovely.,5,0,4.0.3,19/07/2026 06:19
gp_2042536338,Ella A.,Been using PapaEats for 8 months now. Driver was lovely.,5,0,4.1.0,18/08/2026 16:25
gp_3250072530,noah1987,fyi 10/10 would recommend thx,5,2,4.1.2,22/08/2026 19:32
gp_1835091119,sarax899,Map tracking doesn't update. ETA said 5 mins for half an hour.,2,3,4.2.0,06/09/2026 23:41
gp_8711036303,rosa_w91,"Quick fried chicken at lunch, arrived early. Exactly what a delivery app should be.",4,2,4.0.4,21/06/2026 15:20
gp_4362971360,sofia.j,"So, top tier app",5,0,4.0.4,11/07/2026 19:58
gp_7781486793,Luke H.,Istanbul Grill cancelled my order after 30 minutes of waiting. Come on.,2,1,4.1.2,31/08/2026 03:46
gp_5500116748,Finn B.,"Hi, Ordered greek for the whole family on Sunday. Food was hot. Perfect",5,0,4.1.2,30/08/2026 02:08
gp_7144266289,mia2005,FYI Ordered vegan bowls for the whole family yesterday. Driver was lovely Sort it please.,5,0,4.0.4,11/07/2026 06:10
gp_3381172895,Lucia F.,Friday night fried chicken sorted in about 39 minutes... Cheaper than the others too.,5,1,4.1.0,13/08/2026 10:43
gp_1276147250,aisha2002,"Honestly, 37 orders in and not a single problem. Zero complaints",5,15,4.1.2,06/08/2026 20:01
gp_4977377637,Camille T.,yum,5,0,4.2.0,03/09/2026 12:28
gp_4157800390,Louis T.,Got half my order. Support gave me a £2 credit. Insulting. Come on,1,1,4.0.4,08/07/2026 10:29
gp_5003062341,emma.z,26 orders in and not a single problem. The tracking is spot on Love the app otherwise.,4,7,4.1.0,25/07/2026 18:49
gp_7411583183,george_d34,"Hey team, Friday night sushi sorted in about 37 minutes. Exactly what a delivery app should be.",5,0,4.0.3,19/06/2026 23:21
gp_9986530535,Anna F.,Been using PapaEats for 10 months now. Best delivery app I've used.,5,1,4.1.2,28/08/2026 01:05
gp_1015462670,Georgex L.,Ordered kebab for the whole family on Friday. Five stars.,5,7,4.0.3,09/07/2026 13:37
gp_5193061360,zara567,Any plans for a dark theme?,4,2,4.1.0,18/08/2026 22:59
gp_4542022738,george_l18,"Honestly, Wing Kings through this app for movie night. 20 minutes door to door. Big fan.",5,1,4.1.2,31/08/2026 04:39
gp_7326148494,grace360,My go-to app for Friday night takeaways 🍕 Sort it please.,4,3,4.1.2,27/07/2026 02:15
gp_4371760841,tara1998,29 orders in and not a single problem... Great selection round here,5,0,4.0.3,19/06/2026 02:04
gp_1448019298,luke_t85,Easy peasy !!,5,7,4.2.0,31/08/2026 18:39
gp_3489007575,ravi.e,Quick one: 3 stars. Delivery fees add up Please look into it.,3,15,4.1.2,22/08/2026 21:18
gp_3662896822,amara_a74,"Hey team, Absolutely brilliant. Ordered at 7, ate at 7:25.",4,0,4.0.3,30/06/2026 02:46
gp_4318484616,Maya H.,"Ordered chinese from Souvlaki Bros yesterday and it arrived in 36 minutes. Simple, fast, reliable Love the app otherwise.",5,15,4.1.2,20/08/2026 00:14
gp_3968455849,sofia1997,"Quick tacos on Friday, arrived early. 10/10.",5,0,4.0.3,29/06/2026 12:46
gp_9977713986,camille1989,Been using PapaEats for 9 months now. Keep it up.,5,3,4.1.2,22/08/2026 22:55
gp_7951306676,Alfie V.,10/10 would recommend.,5,15,4.0.4,25/06/2026 16:43
gp_3130458020,Jess B.,👍👍👍👍👍👍👍👍,3,2,4.1.0,02/08/2026 23:37
gp_8510935941,kai.n,30 orders in and not a single problem. Food was hot. Perfect.,5,15,4.1.2,20/08/2026 07:55
gp_3157024618,Finn H.,Have to try 6 or 7 times before an order actually goes through now. What happened?,2,4,4.2.1,08/09/2026 23:44
gp_9147625936,nadia155,Does the app work abroad? Sort it please.,4,0,4.0.3,14/07/2026 12:19
gp_8121356705,Isla W.,Ordered indian for the whole family after work. Keep it up.,5,0,4.0.3,16/06/2026 17:39
gp_6174858772,dev_s5,🔥🔥🔥 Please look into it.,4,0,4.0.3,01/07/2026 15:40
gp_7373996194,luke_p94,30 orders in and not a single problem. 10/10.,5,2,4.1.2,24/07/2026 17:04
gp_1029045484,priya_e15,ordered tacos for teh whole family yesterday. food was hot. perfect.,4,1,4.2.1,10/09/2026 06:19
gp_6975617925,jess_369,Ordered tacos from Curry Leaf yesterday and it arrived in 21 minutes. Great selection round here.,4,1,4.0.4,02/07/2026 22:17
gp_7156377454,isla_b59,"Quick chinese on Sunday, arrived early. Best delivery app I've used.",5,2,4.1.0,18/08/2026 22:58
gp_6123726785,jess_e6,"honestly, good enough...",3,1,4.0.3,12/07/2026 20:59
gp_5919398997,ella.l,Ugh. Friday night indian sorted in about 26 minutes. 10/10.,5,15,4.0.3,14/07/2026 21:49
gp_9842693279,kenji_636,"best food delivery app i've used. fast, easy, and the tracking is great thx",5,0,4.0.4,27/06/2026 16:02
gp_5446280742,Mia M.,Is there a way to schedule an order for tomorrow?,5,7,4.1.2,24/07/2026 23:23
gp_3893210660,Layla L.,'Something went wrong' at checkout. Every time. Since the update,1,22,4.2.0,06/09/2026 11:26
gp_6981029805,yuki_j39,been using papaeats for 8 months now. would recommend.,4,0,4.1.2,26/07/2026 06:17
gp_2324653985,Hannah E.,The app force closes immediately on my Pixel.,3,15,4.2.1,13/09/2026 05:39
gp_7390299372,leox824,Ordered sushi from Poke Bros for movie night and it arrived in 19 minutes. Great selection round here,5,0,4.0.3,01/07/2026 19:21
gp_8518812056,finn1998,So many restaurants near me that I didn't know existed.,5,0,4.0.3,16/06/2026 12:56
gp_7184823268,Layla K.,"Quick, reliable, great support when something goes wrong.",4,0,4.0.4,29/06/2026 14:47
gp_2241634686,marcus.p,"hey team, friday night fried chicken sorted in about 18 minutes. zero complaints.",5,15,4.1.2,06/08/2026 13:32
gp_4193579876,aaron_z74,Fast delivery and the app never crashes. Keep it up Please look into it.,5,1,4.1.2,17/08/2026 13:30
gp_6557177381,kai_m72,Can I add a second card?,3,3,4.0.4,05/07/2026 15:35
gp_4964953761,arjun_d18,"Honestly, Been using PapaEats for 3 months now. Exactly what a delivery app should be.",4,7,4.1.0,24/08/2026 15:56
gp_1234843506,kenji_l62,delivery took over an hour and the sushi was freezing. Disappointed.,3,2,4.2.0,03/09/2026 23:02
gp_8735679263,callum_f10,So many restaurants near me that I didn't know existed.,4,15,4.0.4,27/06/2026 03:00
gp_2249440068,ellax967,love it,5,2,4.1.0,11/08/2026 02:30
gp_5338657949,omar1982,The 20% off code didn't work. Charged full price,1,0,4.2.0,05/09/2026 02:03
gp_4080030228,keira_167,Customer support sorted my missing item in five minutes. Impressed.,5,2,4.0.3,03/07/2026 04:58
gp_3633556704,marcus.p,Right. found Souvlaki Bros on here and it's now our regular. Brilliant,4,0,4.1.2,23/08/2026 01:57
gp_6494339981,chloe1988,Driver was rude and basically threw teh bag at the door. Not impressed.,1,2,4.2.0,04/09/2026 20:46
gp_4368630435,hannah_e7,Amazing. Thank you.,4,7,4.1.2,24/08/2026 10:14
gp_4419656020,Camille K.,Wrong order delivered. Got someone's indian instead of my kebab. Third time this month.,2,0,4.2.0,07/09/2026 19:37
gp_6567139024,Theo A.,So good 😍,5,0,4.1.2,21/07/2026 03:12
gp_3147420019,adam_s35,Love it. Ordered in 30 seconds and the food came hot.,5,15,4.2.0,31/08/2026 17:51
gp_1361003701,grace.d,"Quick chinese for movie night, arrived early. Never lets me down.",5,3,4.0.4,24/06/2026 11:49
gp_4847423295,chloe_n94,"Quick poke on Friday, arrived early. Best delivery app I've used.",5,0,4.0.4,22/06/2026 01:31
gp_4424713310,noah_d51,"Quick pasta for the match, arrived early. Brilliant",4,0,4.1.2,27/07/2026 10:01
gp_1245937762,aisha.k,Ugh... The favourites feature is handy. Great app Anyone else?,5,0,4.2.1,13/09/2026 02:59
gp_1093558129,yasmin_597,Ordered pho for the whole family on Friday. So easy !!,5,15,4.2.0,05/09/2026 03:14
gp_1704485464,willx567,Been using PapaEats for 9 months now. Exactly what a delivery app should be.,4,0,4.0.4,21/06/2026 00:20
gp_9412142507,sara.k,cheaper than the other apps and better restaurants anyone else?,5,0,4.1.2,24/07/2026 07:53
gp_8242429731,elena956,"Hey team, been using PapaEats for a year, never lets me down.",5,15,4.2.1,10/09/2026 07:05
gp_9678195280,pierre.p,"Just so you know, been using PapaEats for 13 months now. Zero complaints.",5,0,4.2.0,05/09/2026 17:19
gp_6840881553,dev.z,the refund for my missing items took 8 days. won't be ordering again.,1,0,4.1.2,27/07/2026 16:47
gp_9551183873,Meera F.,"Absolutely brilliant. Ordered at 7, ate at 7:25 !!",5,7,4.1.2,21/08/2026 20:57
gp_6674409688,Ruby K.,Right. So good 😍,4,0,4.1.2,10/08/2026 09:59
gp_5468270181,Layla V.,"Fantastic service, the driver was lovely and the food was perfect.",5,15,4.0.3,15/07/2026 19:25
gp_9492935196,pierre1998,Not sure if anyone reads these but friday night pasta sorted in about 25 minutes. Love it.,5,7,4.1.2,30/08/2026 13:03
gp_3052202069,aaron.n,Been using PapaEats for 13 months now. Big fan Thanks.,5,7,4.1.2,12/08/2026 15:37
gp_9847319572,jake1990,The refund for my missing items took 8 days.,2,15,4.1.0,02/08/2026 22:31
gp_2891793351,Rob L.,🔥🔥🔥,5,3,4.0.4,17/07/2026 21:20
gp_2593252179,Georgex A.,"So, fantastic service, the driver was lovely and the food was perfect Please look into it.",5,3,4.1.0,31/07/2026 00:35
gp_7060050480,ella1998,Customer support sorted my missing item in five minutes. Impressed.,4,15,4.1.0,17/08/2026 11:19
gp_2657045997,george_i94,Perfect every time.,5,2,4.1.2,30/07/2026 09:57
gp_1126573573,louis_g43,Is there a way to schedule an order for tomorrow?,3,7,4.0.4,22/06/2026 07:08
gp_2346831175,adam1981,Been using PapaEats for 4 months now. Would recommend.,5,0,4.0.3,01/07/2026 02:43
gp_5391269111,Kai G.,"Quick fried chicken for movie night, arrived early. Simple, fast, reliable.",5,2,4.0.4,28/06/2026 02:28
gp_2519636844,Camille N.,This app has replaced cooking in my house.,5,7,4.1.2,06/08/2026 22:44
gp_8962275549,nina204,"five stars, no notes.",4,15,4.1.0,27/07/2026 13:36
gp_2195315241,Mateo N.,Fries were stone cold and teh burger was squashed. Won't be ordering again.,2,15,4.2.1,10/09/2026 00:51
gp_4895014344,camille1991,Driver left the food at the wrong building. Sort it out.,2,0,4.2.0,31/08/2026 21:53
gp_4381708073,hugo_p58,"Decent app, a bit slow sometimes.",3,15,4.1.2,05/08/2026 09:51
gp_2121317584,Sam N.,the favourites feature is handy. Great app.,5,0,4.1.0,25/08/2026 13:07
gp_1074956061,adam1990,"Hi, the promo codes are generous and actually work for me...",4,1,4.0.4,04/07/2026 23:51
gp_6178776388,josh324,"Hi, been using PapaEats for 6 months now. Would recommend.",5,3,4.1.0,20/08/2026 09:05
gp_7009683986,Marcus M.,"Honestly, Second time my order has gone to the wrong address. Not impressed",2,2,4.0.3,18/06/2026 04:22
gp_8619564884,luke_v27,Would love dark mode. Ordering at 11pm with a bright white app is painful Love the app otherwise.,5,1,4.0.4,27/06/2026 06:20
gp_7486022363,leah_b99,Ordered ramen from Sakura yesterday and it arrived in 26 minutes. Brilliant.,5,3,4.1.0,30/08/2026 08:04
gp_6967899657,priya368,"Quick vegan bowls for movie night, arrived early. The tracking is spot on",5,2,4.1.0,29/08/2026 09:43
gp_3409264277,will.w,Not sure if anyone reads these but 37 orders in and not a single problem. Cheaper than the others too Sort it please.,5,0,4.1.0,02/08/2026 14:49
gp_9851189429,ethan547,Friday night fried chicken sorted in about 18 minutes. Keep it up,5,0,4.1.2,28/08/2026 14:33
gp_2769735395,Finn N.,"Absolutely brilliant. Ordered at 7, ate at 7:25.",5,0,4.0.3,10/07/2026 17:24
gp_6875760028,dan1985,so good 😍,5,0,4.0.4,09/07/2026 13:10
gp_5747717561,jess_h58,Second time my order has gone to the wrong address. Sort it out.,2,3,4.2.0,07/09/2026 15:54
gp_3300820629,Rob F.,"Hi, Really nice app. Payment is quick and I like the receipts Please look into it.",4,2,4.2.1,09/09/2026 07:17
gp_8584416056,Omar R.,My go-to app for Friday night takeaways 🍕 Anyone else?,5,0,4.1.2,08/08/2026 12:01
gp_1249849310,hugo_629,Food was cold and the drink was missing. Won't be ordering again.,3,0,4.0.4,29/06/2026 05:40
gp_7328202181,Mateo Z.,been using papaeats for 10 months now. so easy thanks.,5,7,4.1.0,21/08/2026 06:11
gp_8620752833,kai_w11,Ordered poke from Burger Barn after work and it arrived in 27 minutes. Exactly what a delivery app should be.,5,7,4.0.4,05/07/2026 00:03
gp_9632301755,lucia_n38,Been using PapaEats for 11 months now. Keep it up 😤,5,15,4.1.2,21/08/2026 13:00
gp_5254648865,Omarx T.,"Clean design, easy to use, food always on time Love the app otherwise.",4,15,4.0.3,16/07/2026 11:13
gp_8666933366,kenji_l62,"FYI easy to use even for my mum, which says a lot Please look into it.",5,15,4.1.0,20/08/2026 19:28
gp_4792069293,jessx395,"five stars, no notes.",5,3,4.1.2,27/07/2026 06:07
gp_4435108600,anna_469,"Quick one: Quick tacos after work, arrived early... The scheduled delivery thing is genius for the office.",4,1,4.0.3,19/06/2026 03:12
gp_8324130331,fatima667,Big fan. Please add more restaurants in Leeds though.,5,7,4.1.2,28/08/2026 21:36
gp_4362971360,sofia.j,"So, top tier app",5,0,4.0.4,11/07/2026 19:58
gp_9090243820,zara1995,🔥🔥🔥,5,2,4.0.3,14/07/2026 17:24
gp_1668263323,yasmin.d,"Decent app, a bit slow sometimes.",3,0,4.1.2,31/07/2026 05:36
gp_8128349064,hannah_90,"missing items, again. paid for 3, got 2. third time this month 😩",3,1,4.0.4,26/06/2026 04:48
gp_6022580008,Anya V.,Found Souvlaki Bros on here and it's now our regular. 10/10 Sort it please.,4,2,4.0.3,18/06/2026 21:27
gp_4108000348,amelia1990,Ordered fried chicken for the whole family last night. Zero complaints.,5,3,4.2.0,04/09/2026 17:59
gp_6799040225,Will B.,Any chance of a shared cart? We order for the whole office every Friday Love the app otherwise.,4,0,4.0.4,16/07/2026 06:30
gp_6880628953,Anna C.,solid app... does what it says.,5,0,4.1.2,29/07/2026 09:10
gp_6303114157,dev28,Love it. Ordered in 30 seconds and the food came hot.,5,0,4.2.0,11/09/2026 09:36
gp_5879017936,Grace E.,"Hey team, Found Wing Kings on here and it's now our regular. Brilliant.",5,0,4.0.4,23/06/2026 03:23
gp_7736700989,Anya L.,how to change phone number,5,15,4.1.2,20/07/2026 04:12
gp_3456413958,tom_g8,Mama Rosa through this app on Friday. 37 minutes door to door. Exactly what a delivery app should be.,5,2,4.1.2,26/07/2026 13:16
gp_1946618072,camille1980,great app 👍 Anyone else?,4,0,4.1.0,24/08/2026 12:12
gp_2834696845,kai1983,Where do I find my receipts?,4,0,4.0.4,18/06/2026 07:54
gp_3582942995,Meera F.,"Ugh. Quick sushi last night, arrived early. Best delivery app I've used.",5,7,4.1.2,20/08/2026 12:33
gp_1797573824,kaix70,Ugh. Food arrived cold. 92 minutes for a 20 minute delivery Sort it please.,2,0,4.0.3,07/07/2026 19:34
gp_4756257920,keira1992,The refund for my missing items took 8 days. Third time this month Thanks.,1,0,4.0.4,07/07/2026 15:44
gp_6546608398,Anya K.,Found Green Bowl on here and it's now our regular. Never lets me down.,4,0,4.1.2,05/08/2026 02:34
gp_1033507671,arjun2001,Ordered poke for the whole family last night. Love it.,5,15,4.1.0,08/08/2026 23:48
gp_8540104343,luke_b71,Driver was rude and basically threw the bag at the door. Come on.,3,7,4.2.1,13/09/2026 17:19
gp_3300820629,Rob F.,"Hi, Really nice app. Payment is quick and I like the receipts Please look into it.",4,2,4.2.1,09/09/2026 07:17
gp_3824054698,george_w19,"Quick, reliable, great support when something goes wrong.",5,7,4.2.1,13/09/2026 23:18
gp_3763415887,yuki904,"27 orders in and not a single problem. Simple, fast, reliable Anyone else?",5,15,4.0.3,07/07/2026 21:53
gp_4542022738,george_l18,"Honestly, Wing Kings through this app for movie night. 20 minutes door to door. Big fan.",5,1,4.1.2,31/08/2026 04:39
gp_8447463180,aaron_h28,"Just so you know, friday night burgers sorted in about 28 minutes. Food was hot. Perfect.",5,0,4.2.0,02/09/2026 03:43
gp_6558986881,George E.,Found Burger Barn on here and it's now our regular. Driver was lovely.,5,0,4.2.0,02/09/2026 13:28
gp_1665793004,Marcus I.,Delivery was early! Food was hot. Perfect.,4,0,4.0.3,09/07/2026 07:57
gp_9883058700,Lukas T.,Ugh. Found Green Bowl on here and it's now our regular. Zero complaints.,5,7,4.1.0,23/07/2026 00:33
gp_1216543131,yasmin_597,Found Sakura on here and it's now our regular. Cheaper than the others too.,4,1,4.1.2,25/07/2026 06:02
gp_3839322918,Luke R.,the favourites feature is handy. great app anyone else?,4,7,4.0.3,05/07/2026 08:43
gp_1635212875,Ella N.,"Hi, Been using PapaEats for 8 months now. Food was hot. Perfect.",5,0,4.1.2,28/07/2026 07:46
gp_4045535312,alfie_r80,19 orders in and not a single problem. Cheaper than the others too Sort it please.,5,15,4.0.4,05/07/2026 23:03
gp_8754687354,Meera G.,great app 👍,5,7,4.0.4,05/07/2026 04:06
gp_5815033918,pierre1998,Right. 33 orders in and not a single problem. Love it Anyone else?,5,1,4.0.4,17/06/2026 00:05
gp_7025043923,nina1995,"Right. decent app, a bit slow sometimes Love the app otherwise.",3,0,4.1.0,05/08/2026 21:20
gp_6012217942,mia_n75,Double notifications for everything. Annoying,1,15,4.0.3,22/06/2026 02:08
gp_3112684876,kai_190,Friday night sushi sorted in about 31 minutes. Cheaper than the others too,5,2,4.1.0,13/08/2026 18:56
gp_6916210728,amara.p,Better than the big apps for my area. Way more choice !!,5,2,4.0.4,29/06/2026 02:34
gp_8668985516,diego_804,Got half my order. Support gave me a £2 credit. Insulting. Do better.,1,0,4.2.0,06/09/2026 20:38
gp_1737805235,yasminx761,Quick one: friday night greek sorted in about 18 minutes. Zero complaints.,5,15,4.1.0,07/08/2026 10:19
gp_4951738371,Chloex F.,Found Pho 24 on here and it's now our regular. Great selection round here.,5,0,4.0.3,15/06/2026 23:57
gp_9855187061,Priya W.,Ordered ramen from Green Bowl for movie night and it arrived in 19 minutes. Food was hot. Perfect.,5,0,4.1.2,04/08/2026 15:14
gp_6673751940,priya10,Been using PapaEats for 2 months now. Great selection round here,5,0,4.0.4,08/07/2026 17:12
gp_2438130372,Camille Z.,the scheduled delivery feature is brilliant for office lunches,5,0,4.0.3,02/07/2026 18:01
gp_4794924875,Luke F.,So good 😍,5,2,4.0.4,19/06/2026 14:38
gp_3465264785,Ella I.,Been using PapaEats for 12 months now. Reordering is two taps.,4,7,4.1.0,07/08/2026 20:21
gp_4637922656,mateo1998,Great selection of local restaurants... Five stars.,4,0,4.1.2,20/07/2026 03:20
gp_3382167279,ivyx460,"So, Love it. Ordered in 30 seconds and the food came hot.",4,2,4.2.0,03/09/2026 10:42
gp_5901195637,Anna W.,Love it. Ordered in 30 seconds and the food came hot.,5,0,4.1.0,06/08/2026 08:11
gp_9862976486,Priya D.,Just works. Love the live tracking.,4,15,4.2.0,06/09/2026 14:42
gp_3534420942,Freya P.,Ordered fried chicken for the whole family last night. Exactly what a delivery app should be.,4,15,4.0.3,16/07/2026 01:31
gp_1882287377,Ethan S.,Delivery drivers are always friendly. Great app.,4,0,4.0.3,29/06/2026 12:22
gp_8505279019,alfie_v19,Great selection of local restaurants. Five stars.,5,7,4.1.2,18/08/2026 06:52
gp_3830223897,hannah_c13,Golden Dragon through this app for teh match. 19 minutes door to door. Zero complaints.,4,2,4.2.0,31/08/2026 09:05
gp_5278597810,omar_b89,"Honestly, 22 orders in and not a single problem. So easy.",5,7,4.0.4,21/06/2026 20:27
gp_8376947036,Sofia C.,Big fan. Please add more restaurants in Leeds though.,5,1,4.1.2,23/07/2026 03:09
gp_7060403453,anna_t81,burger Barn through this app last night. 27 minutes door to door. Brilliant 😩,5,3,4.0.4,15/07/2026 21:01
gp_8519945897,callumx48,Best crypto signals free telegram @foodcoin,3,3,4.0.4,03/07/2026 19:54
gp_2377917276,Ben S.,Sakura through this app on Sunday. 33 minutes door to door. Big fan.,5,0,4.1.2,18/08/2026 05:43
gp_5700549587,ethan250,"31 orders in and not a single problem. Simple, fast, reliable.",5,3,4.1.2,23/08/2026 05:25
gp_9491107158,oliverx271,Right. dark mode please! The white screen at night is blinding.,3,2,4.0.4,18/06/2026 03:16
gp_4325199109,meera_z81,The promo codes are generous and actually work for me 😩,5,7,4.1.0,28/08/2026 14:26
gp_4487126307,freya_h71,Ordered indian for the whole family for the match. Brilliant.,5,1,4.2.1,13/09/2026 06:18
gp_2576525982,zara_48,This app has replaced cooking in my house Anyone else?,4,0,4.0.3,19/06/2026 04:29
gp_1704059686,Nadia W.,Sakura cancelled my order after 30 minutes of waiting. Third time this month.,2,0,4.0.4,25/06/2026 17:45
gp_1502796037,oliver.k,ETA said 25 mins. Took 50. Third time this month.,3,2,4.1.2,30/08/2026 07:22
gp_7855065241,Amelia L.,Wing Kings through this app on Friday. 40 minutes door to door. Would recommend.,4,2,4.1.0,03/08/2026 08:07
gp_4013769070,sara2001,Been using PapaEats for 3 months now. Big fan.,5,0,4.0.4,09/07/2026 08:16
gp_5357535020,Louis L.,"So, 10/10 would recommend",5,0,4.1.0,17/08/2026 19:03
gp_9914800093,amelia_g79,Mama Rosa through this app on Friday. 36 minutes door to door. Never lets me down 😩,5,3,4.1.2,26/08/2026 14:22
gp_7671999794,tom_w99,Sakura through this app on Friday. 24 minutes door to door. Exactly what a delivery app should be.,5,7,4.0.3,01/07/2026 13:23
gp_3543219889,elena956,ordered poke from burger barn for the match and it arrived in 19 minutes. the scheduled delivery thing is genius for the office.,4,3,4.2.0,05/09/2026 06:57
gp_1973735965,kai122,Been using PapaEats for 4 months now. Great selection round here,5,0,4.1.2,08/08/2026 23:16
gp_6372506646,maya1988,"So, Found The Pie Shop on here and it's now our regular. Cheaper than the others too.",5,3,4.0.4,01/07/2026 02:26
gp_6125189054,Tara B.,"Hey team, istanbul Grill through this app on Sunday. 33 minutes door to door. Big fan.",4,2,4.0.3,15/07/2026 10:18
gp_3125599415,Aaron M.,My go-to app for Friday night takeaways 🍕,4,7,4.1.2,05/08/2026 09:52
gp_7253420834,diego178,Ordered indian for the whole family at lunch. So easy 😩,4,15,4.1.2,21/07/2026 22:26
gp_9388375853,fatima_l70,The promo codes are generous and actually work for me Love the app otherwise.,5,2,4.0.4,08/07/2026 13:48
gp_1626443973,isla_r76,love it,5,0,4.1.2,11/08/2026 12:43
gp_1076226722,Isla P.,Ugh. golden Dragon through this app after work. 23 minutes door to door. Big fan Cheers.,5,0,4.1.2,20/07/2026 23:57
gp_1672209602,hannah2001,Driver marked it delivered. It was not delivered. Come on !!,1,3,4.1.2,27/07/2026 05:08
gp_5901195637,Anna W.,Love it. Ordered in 30 seconds and the food came hot.,5,0,4.1.0,06/08/2026 08:11
gp_4147793982,emma1980,So many restaurants near me that I didn't know existed Cheers.,5,2,4.2.0,07/09/2026 02:45
gp_4337345484,Mia P.,"Five stars, no notes.",5,15,4.1.2,05/08/2026 14:46
gp_6145199510,josh_297,Delivery drivers are always friendly. Great app,4,1,4.0.4,17/06/2026 13:03
gp_9112242070,Grace B.,been using PapaEats for 8 months now. Cheaper than the others too Anyone else?,5,0,4.1.2,29/08/2026 04:11
gp_1789347885,yasmin_s35,Friday night ramen sorted in about 30 minutes. Five stars.,5,0,4.1.2,30/08/2026 05:18
gp_7546240535,george2003,"So, great app 👍",5,1,4.0.4,01/07/2026 22:27
gp_3567543288,marcus_v40,Ugh. Never had a problem with the app but the delivery times lately are terrible. Do better.,3,0,4.0.4,21/06/2026 04:49
gp_5346187502,Sam C.,Not sure if anyone reads these but Found Taco Loco on here and it's now our regular. Keep it up.,4,2,4.0.3,21/06/2026 13:42
gp_6792550068,tom.r,Friday night pasta sorted in about 18 minutes. Cheaper than the others too.,4,0,4.1.2,22/08/2026 15:24
gp_7048980838,Omar A.,Right. Solid app. Does what it says.,4,0,4.0.3,17/06/2026 06:47
gp_8147636235,Sam P.,"Quick sushi on Friday, arrived early. Exactly what a delivery app should be.",5,2,4.1.2,27/07/2026 14:14
gp_9241264772,george2003,friday night thai sorted in about 22 minutes. The tracking is spot on Please look into it.,5,3,4.1.0,29/07/2026 02:46
gp_9837053344,jake_949,driver was rude and basically threw the bag at the door.,2,0,4.1.2,25/08/2026 00:28
gp_6233748238,layla.z,food arrived cold. 74 minutes for a 20 minute delivery. Not impressed.,2,15,4.1.0,28/07/2026 08:50
gp_3788487214,yuki_g98,33 orders in and not a single problem. Love it,5,3,4.1.0,20/07/2026 01:34
gp_8021068713,ben1998,"Hi, easy peasy Love the app otherwise.",4,0,4.0.3,22/06/2026 14:54
gp_9533031506,Chloe H.,"Honestly, Perfect every time.",5,0,4.0.3,11/07/2026 03:22
gp_5035616611,lucia2001,"okay app, delivery fees are a bit high",3,7,4.1.0,25/07/2026 18:34
gp_2788111806,mateo_n19,"Hi, So many restaurants near me that I didn't know existed 😩",5,3,4.0.4,15/07/2026 12:39
gp_6055530331,Alfie P.,FYI Found Nonna's on here and it's now our regular. Big fan.,4,0,4.1.2,07/08/2026 07:42
gp_5290354125,tom.m,Right. Live tracking map freezes on 'driver is on the way'. Driver was already at my door.,2,0,4.1.2,25/08/2026 04:32
gp_7696010210,tara1991,Found Pho 24 on here and it's now our regular. So easy.,5,0,4.2.0,05/09/2026 03:20
gp_8283447484,amara.p,really nice app. payment is quick and i like the receipts.,4,0,4.0.3,29/06/2026 08:52
gp_6035969071,Leox C.,FYI ordered indian from Pho 24 for the match and it arrived in 35 minutes... Love it Love the app otherwise.,5,0,4.1.2,11/08/2026 03:58
gp_5196310825,kenji.w,"Order failed 4 times, then on the 5th attempt it went through twice. Now I have two dinners.",2,9,4.2.1,09/09/2026 19:39
gp_6924735058,george_h58,"So, cheaper than the other apps and better restaurants.",4,0,4.2.0,06/09/2026 16:33
gp_4966211093,tom_d92,"Just so you know, Istanbul Grill through this app on Sunday. 23 minutes door to door. Never lets me down 😤",5,7,4.2.0,07/09/2026 06:44
gp_5871107480,mateo.o,Ordered indian for the whole family last night. Exactly what a delivery app should be !!,5,0,4.0.3,01/07/2026 18:57
gp_7763692591,layla_g55,"Quick vegan bowls for movie night, arrived early. Five stars.",5,0,4.2.1,13/09/2026 11:00
gp_2109298879,leo_w17,Been using PapaEats for 9 months now. 10/10 😤,4,0,4.0.4,19/07/2026 07:09
gp_6001939929,maya_68,It's fine. Does the job,3,0,4.0.4,15/07/2026 02:33
gp_2671843839,Nadia M.,Been using PapaEats for 7 months now. Great selection round here Please look into it.,4,7,4.0.3,25/06/2026 05:27
gp_5392461306,Chloe V.,Quick one: Been using PapaEats for 9 months now. Cheaper than the others too.,5,3,4.0.3,19/07/2026 21:36
gp_2569811454,Ravix R.,Driver left the food at the wrong building.,5,7,4.2.1,10/09/2026 06:47
gp_3163671981,Ethan D.,Not bad. Wish there were more restaurants in my area.,3,7,4.1.0,29/07/2026 22:41
gp_4529088443,grace360,Found Green Bowl on here and it's now our regular. Big fan.,5,3,4.1.2,13/08/2026 08:29
gp_2170247913,Elena S.,Never had a problem with the app but the delivery times lately are terrible. Won't be ordering again Thx,1,2,4.0.3,18/07/2026 19:50
gp_1668263323,yasmin.d,"Decent app, a bit slow sometimes.",3,0,4.1.2,31/07/2026 05:36
gp_8293007958,rosa_596,Quick one: top tier app,5,0,4.1.2,25/07/2026 20:25
gp_9843844215,amara_15,Ordered poke for the whole family for movie night. Great selection round here.,5,7,4.2.0,04/09/2026 06:13
gp_3368272430,Aisha S.,"So, my go-to app for Friday night takeaways 🍕",5,3,4.2.0,13/09/2026 06:05
gp_9926700407,tara_m94,Quick one: great app 👍 !!,5,15,4.1.0,30/07/2026 12:10
gp_3351680375,yasmin1984,Not sure if anyone reads these but love it. Ordered in 30 seconds and the food came hot.,5,0,4.0.4,11/07/2026 23:22
gp_3838554796,freya_k53,"Can't log in, verification code never comes.",3,15,4.0.3,29/06/2026 20:14
gp_1452496966,diego_g29,asdfghjkl,1,2,4.0.4,18/06/2026 15:28
gp_3680233296,adam_g89,"Been using PapaEats for a year, never lets me down.",5,7,4.0.4,24/06/2026 15:05
gp_8996523471,nadia_d68,How do I contact the driver? Sort it please.,4,7,4.1.0,13/08/2026 03:27
gp_3320597407,Marcus F.,Ordered poke from Nonna's after work and it arrived in 25 minutes. Brilliant.,4,15,4.1.2,21/08/2026 22:44
gp_6598321041,aisha1980,Does the app work abroad?,4,0,4.0.3,19/07/2026 07:08
gp_5705042592,Ella A.,Just works. Love the live tracking.,4,0,4.0.3,15/07/2026 14:55
gp_3934928543,aisha2002,"So, Ordered sushi for teh whole family on Sunday. Love it.",5,0,4.0.4,15/06/2026 08:23
